Timestamp,Your Name,Pickup Coordinate,Drop Coordinate,Fare for Bike,"[Waiting Time of Bike, No. of bikes available]",Fare for Auto,"[Waiting Time of Auto, No. of Auto Available]",Fare for Car,"[Waiting Time of Car, No. of cars available]",Platform,  Is a Surge/High-Demand alert visible?  ,Hour,Minute,DecimalHour,Day,Weekend,Rushhour,DistanceKm,Duration,TrafficLevel,SurgeValue,PickupTemperature,PickupWindSpeed,PickupWeatherCode,PickupHumidity,DropTemperature,DropWindSpeed,DropWeatherCode,DropHumidity,PickupZone,DropZone,BikeWait,BikeSupply,AutoWait,AutoSupply,CarWait,CarSupply,priceKmBike,priceKmAuto,priceKmCar
14-03-2026 17:26,Prakhar,"28.528143, 77.219013","28.567811, 77.207901",73,"5,8",185,"5,8",186,"5,8",RAPIDO,,17,26,17.43,6,1,1,7.291,21.63333333,HEAVY,0,30.5,4.7,3,27,31.1,4.7,3,25,RESIDENTIAL,TRANSIT_HUB,5,8,5,8,5,8,10.01,25.37,25.51
14-03-2026 17:30,Prakhar,"28.667836, 77.229014","28.608447, 77.293078",97,"6,8",161,"6,8",195,"6,8",RAPIDO,,17,30,17.5,6,1,1,11.499,20.13333333,NORMAL,0,30.3,4.5,3,27,30.3,4.5,3,27,TRANSIT_HUB,RESIDENTIAL,6,8,6,8,6,8,8.44,14,16.96
14-03-2026 17:34,Prakhar,"28.699000, 77.138722","28.651651, 77.191570",86,"4,8",132,"4,8",184,"4,8",RAPIDO,,17,34,17.57,6,1,1,9.722,24.83333333,MODERATE,0,30.1,6.5,3,30,30.8,4.3,3,26,RESIDENTIAL,RESIDENTIAL,4,8,4,8,4,8,8.85,13.58,18.93
14-03-2026 17:38,Prakhar,"28.630420, 77.217713","28.554785, 77.063985",216,"4,8",460,"4,8",390,"4,7",RAPIDO,,17,38,17.63,6,1,1,24.509,43.48333333,NORMAL,0,30.9,4.3,3,26,30.2,4.2,3,33,RESIDENTIAL,RESIDENTIAL,4,8,4,8,4,7,8.81,18.77,15.91
14-03-2026 17:42,Prakhar,"28.529352, 77.148457","28.630770, 77.223434",155,"2,8",261,"2,8",277,"2,7",RAPIDO,,17,42,17.7,6,1,1,16.737,36.11666667,MODERATE,0,29.5,4.5,3,34,30.3,4.5,3,27,RESIDENTIAL,TRANSIT_HUB,2,8,2,8,2,7,9.26,15.59,16.55
14-03-2026 17:46,Prakhar,"28.612767, 77.243334","28.629468, 77.078967",192,"3,7",540,"3,8",430,"3,8",RAPIDO,,17,46,17.77,6,1,1,21.732,43.2,NORMAL,0,30.6,4,2,28,29.6,3.9,1,35,RELIGIOUS,TRANSIT_HUB,3,7,3,8,3,8,8.83,24.85,19.79
14-03-2026 17:50,Prakhar,"28.736388, 77.117084","28.816333, 77.134276",118,"2,8",227,"2,8",231,"2,8",RAPIDO,,17,50,17.83,6,1,1,15.486,24.68333333,NORMAL,0,29.5,6.2,2,32,28.2,5.4,3,39,RESIDENTIAL,EDUCATION,2,8,2,8,2,8,7.62,14.66,14.92
14-03-2026 17:52,Prakhar,"28.527654, 77.211685","28.529352, 77.148457",83,"5,8",174,"5,8",189,"5,8",RAPIDO,,17,52,17.87,6,1,1,9.454,22.35,MODERATE,0,29.9,4.2,1,30,29.4,3.9,1,35,RESIDENTIAL,RESIDENTIAL,5,8,5,8,5,8,8.78,18.4,19.99
14-03-2026 18:33,Prakhar,"28.528143, 77.219013","28.567811, 77.207901",71,"5,8",157,"5,8",191,"5,8",RAPIDO,,18,33,18.55,6,1,1,7.291,21.63333333,HEAVY,0,27.9,3.4,1,37,28.7,3.6,2,34,RESIDENTIAL,TRANSIT_HUB,5,8,5,8,5,8,9.74,21.53,26.2
14-03-2026 18:34,Prakhar,"28.667836, 77.229014","28.608447, 77.293078",98,"6,8",161,"6,8",196,"6,8",RAPIDO,,18,34,18.57,6,1,1,11.499,20.13333333,NORMAL,0,28.7,3.6,2,34,28.7,3.6,2,34,TRANSIT_HUB,RESIDENTIAL,6,8,6,8,6,8,8.52,14,17.04
14-03-2026 18:35,Prakhar,"28.699000, 77.138722","28.651651, 77.191570",96,"4,8",157,"4,8",190,"4,8",RAPIDO,,18,35,18.58,6,1,1,9.722,24.83333333,MODERATE,0,27.3,4.4,2,40,28.6,3.6,2,34,RESIDENTIAL,RESIDENTIAL,4,8,4,8,4,8,9.87,16.15,19.54
14-03-2026 18:36,Prakhar,"28.630420, 77.217713","28.554785, 77.063985",212,"4,7",326,"4,8",360,"4,7",RAPIDO,,18,36,18.6,6,1,1,24.509,43.48333333,NORMAL,0,28.7,3.6,2,34,28.1,3,1,40,RESIDENTIAL,RESIDENTIAL,4,7,4,8,4,7,8.65,13.3,14.69
14-03-2026 18:38,Prakhar,"28.529352, 77.148457","28.630770, 77.223434",155,"2,8",235,"2,8",291,"2,8",RAPIDO,,18,38,18.63,6,1,1,16.737,36.11666667,MODERATE,0,27.8,3,1,40,28.7,3.6,2,34,RESIDENTIAL,TRANSIT_HUB,2,8,2,8,2,8,9.26,14.04,17.39
14-03-2026 18:39,Prakhar,"28.612767, 77.243334","28.629468, 77.078967",190,"3,8",269,"3,7",326,"3,8",RAPIDO,,18,39,18.65,6,1,1,21.732,43.2,NORMAL,0,28.6,3,3,34,27.5,3.9,3,42,RELIGIOUS,TRANSIT_HUB,3,8,3,7,3,8,8.74,12.38,15
14-03-2026 18:40,Prakhar,"28.736388, 77.117084","28.816333, 77.134276",132,"2,8",226,"2,8",240,"2,8",RAPIDO,,18,40,18.67,6,1,1,15.486,24.68333333,NORMAL,0,27.3,4.4,2,40,26,4,3,46,RESIDENTIAL,EDUCATION,2,8,2,8,2,8,8.52,14.59,15.5
14-03-2026 18:47,Prakhar,"28.527654, 77.211685","28.529352, 77.148457",95,"5,8",158,"5,8",207,"5,8",RAPIDO,,18,47,18.78,6,1,1,9.454,22.35,MODERATE,0,27.5,3.2,2,39,27.3,3.1,2,41,RESIDENTIAL,RESIDENTIAL,5,8,5,8,5,8,10.05,16.71,21.9
14-03-2026 18:51,Prakhar,"28.528143, 77.219013","28.567811, 77.207901",64.77,"2,8",84.38,"1,7",214.22,"1,8",UBER,,18,51,18.85,6,1,1,7.291,21.63333333,HEAVY,0,27.4,3.2,2,39,28.3,3.6,3,35,RESIDENTIAL,TRANSIT_HUB,2,8,1,7,1,8,8.88,11.57,29.38
14-03-2026 18:52,Prakhar,"28.667836, 77.229014","28.608447, 77.293078",92.54,"3,8",143.58,"3,8",271.13,"2,8",UBER,,18,52,18.87,6,1,1,11.499,20.13333333,NORMAL,0,28.3,3.6,3,35,28.3,3.6,3,35,TRANSIT_HUB,RESIDENTIAL,3,8,3,8,2,8,8.05,12.49,23.58
14-03-2026 18:54,Prakhar,"28.699000, 77.138722","28.651651, 77.191570",80.95,"3,8",116.92,"3,8",241.89,"3,8",UBER,,18,54,18.9,6,1,1,9.722,24.83333333,MODERATE,0,26.7,4.1,2,42,28.2,3.6,3,35,RESIDENTIAL,RESIDENTIAL,3,8,3,8,3,8,8.33,12.03,24.88
14-03-2026 18:57,Prakhar,"28.630420, 77.217713","28.554785, 77.063985",195.53,"2,8",286.54,"1,8",439.22,"1,8",UBER,,18,57,18.95,6,1,1,24.509,43.48333333,NORMAL,0,28.2,3,2,35,27.2,3.5,2,43,RESIDENTIAL,RESIDENTIAL,2,8,1,8,1,8,7.98,11.69,17.92
14-03-2026 18:59,Prakhar,"28.529352, 77.148457","28.630770, 77.223434",142.24,"3,7",212.05,"2,8",347.75,"1,8",UBER,,18,59,18.98,6,1,1,16.737,36.11666667,MODERATE,0,27.3,3.1,2,41,28.3,3.6,3,35,RESIDENTIAL,TRANSIT_HUB,3,7,2,8,1,8,8.5,12.67,20.78
14-03-2026 22:54,Mrityunjay,"28.6219,77.0871","28.643594,77.219402",154,"2,1",306,"3,3",421,"4,6",UBER,,22,54,22.9,6,1,0,17.775,41.53333333,MODERATE,0,23.3,0.7,1,50,25.1,2.1,1,42,RESIDENTIAL,TRANSIT_HUB,2,1,3,3,4,6,8.66,17.22,23.68
14-03-2026 22:56,Mrityunjay,"28.588104,77.260508","28.5245,77.1543",158,"3,1",325,"3,3",222,"4,4",UBER,,22,56,22.93,6,1,0,17.567,36.01666667,NORMAL,0,25.2,2.1,1,42,23,0.7,1,50,RESIDENTIAL,RESIDENTIAL,3,1,3,3,4,4,8.99,18.5,12.64
14-03-2026 23:01,Mrityunjay,"28.734,77.116","28.650568,77.230196",199,"4,1",410,"5,3",257,"3,6",UBER,,23,1,23.02,6,1,0,21.892,41.5,NORMAL,0,21.3,1.3,1,62,24.7,2.2,1,45,RESIDENTIAL,RESIDENTIAL,4,1,5,3,3,6,9.09,18.73,11.74
14-03-2026 23:09,Mrityunjay,"28.573305,77.209496","28.6986,77.1312",192,"4,1",,,332,"4,4",UBER,,23,9,23.15,6,1,0,22.054,40.66666667,NORMAL,0,24.7,2.2,1,45,21.2,1.3,1,62,RESIDENTIAL,RESIDENTIAL,4,1,0,0,4,4,8.71,0,15.05
15-03-2026 09:43,Pranav,"28.551,77.0582","28.556162,77.100281",147,"3,8",,,201,"3,8",RAPIDO,,9,43,9.72,0,1,1,10.56,19.26666667,NORMAL,0,23.8,4.2,3,53,23.9,7.9,3,54,TRANSIT_HUB,TRANSIT_HUB,3,8,0,0,3,8,13.92,0,19.03
15-03-2026 09:45,Pranav,"28.643594,77.219402","28.651997,77.190637",43,"3,8",88,"3,8",159,"3,8",RAPIDO,,9,45,9.75,0,1,1,3.832,15.78333333,HEAVY,0,24,8,80,53,23.9,8,80,53,TRANSIT_HUB,RESIDENTIAL,3,8,3,8,3,8,11.22,22.96,41.49
15-03-2026 09:47,Pranav,"28.5245,77.1543","28.528223,77.219629",84,"2,8",127,"2,8",179,"2,8",RAPIDO,,9,47,9.78,0,1,1,10.375,27.86666667,MODERATE,0,23.8,9.5,1,53,23.8,9.7,1,52,RESIDENTIAL,RESIDENTIAL,2,8,2,8,2,8,8.1,12.24,17.25
15-03-2026 09:50,Pranav,"28.631451,77.216667","28.6219,77.0871",147,"3,8",220,"3,8",267,"3,8",RAPIDO,,9,50,9.83,0,1,1,16.214,34.23333333,MODERATE,0,24,8,80,53,24.1,9.5,1,53,RESIDENTIAL,RESIDENTIAL,3,8,3,8,3,8,9.07,13.57,16.47
15-03-2026 09:52,Pranav,"28.734,77.116","28.5672,77.1871",214,"1,8",295,"1,8",363,"1,8",RAPIDO,,9,52,9.87,0,1,1,26.283,46.53333333,NORMAL,0,24.1,7.6,1,55,24.1,9.2,1,53,RESIDENTIAL,RESIDENTIAL,1,8,1,8,1,8,8.14,11.22,13.81
15-03-2026 09:55,Pranav,"28.5494,77.2516","28.6046,77.2964",108,"2,8",162,"2,8",202,"2,8",RAPIDO,,9,55,9.92,0,1,1,13.419,29.03333333,MODERATE,0,23.9,9.7,1,52,24.1,8,80,53,COMMERCIAL,RESIDENTIAL,2,8,2,8,2,8,8.05,12.07,15.05
15-03-2026 09:57,Pranav,"28.6986,77.1312","28.689247,77.210693",84,"3,8",140,"3,8",182,"3,8",RAPIDO,,9,57,9.95,0,1,1,10.809,26.5,MODERATE,0,24,7.6,1,55,23.8,8,1,55,RESIDENTIAL,RESIDENTIAL,3,8,3,8,3,8,7.77,12.95,16.84
15-03-2026 09:59,Pranav,"28.567241,77.21","28.5245,77.1543",78,"3,8",119,"3,8",170,"3,8",RAPIDO,,9,59,9.98,0,1,1,10.423,27.65,MODERATE,0,24,8,80,53,23.9,9.2,1,53,RESIDENTIAL,RESIDENTIAL,3,8,3,8,3,8,7.48,11.42,16.31
15-03-2026 10:42,Prakhar,"28.528143, 77.219013","28.567811, 77.207901",71,"4,8",120,"4,8",161,"4,8",RAPIDO,,10,42,10.7,0,1,1,7.291,21.63333333,HEAVY,0,24.1,11.2,1,51,24.1,7.3,80,53,RESIDENTIAL,TRANSIT_HUB,4,8,4,8,4,8,9.74,16.46,22.08
15-03-2026 10:44,Prakhar,"28.667836, 77.229014","28.608447, 77.293078",106,"3,8",177,"3,8",211,"3,8",RAPIDO,,10,44,10.73,0,1,1,11.499,20.13333333,NORMAL,0,24.1,7.3,80,53,24.1,7.3,80,53,TRANSIT_HUB,RESIDENTIAL,3,8,3,8,3,8,9.22,15.39,18.35
15-03-2026 10:46,Prakhar,"28.699000, 77.138722","28.651651, 77.191570",84,"3,8",134,"3,8",178,"3,8",RAPIDO,,10,46,10.77,0,1,1,9.722,24.83333333,MODERATE,0,25.5,13.8,2,51,24.7,7.6,2,51,RESIDENTIAL,RESIDENTIAL,3,8,3,8,3,8,8.64,13.78,18.31
15-03-2026 10:47,Prakhar,"28.630420, 77.217713","28.554785, 77.063985",201,"3,8",326,"3,8",359,"3,8",RAPIDO,,10,47,10.78,0,1,1,24.509,43.48333333,NORMAL,0,24.5,7.9,2,51,25.2,16.1,1,48,RESIDENTIAL,RESIDENTIAL,3,8,3,8,3,8,8.2,13.3,14.65
15-03-2026 10:48,Prakhar,"28.529352, 77.148457","28.630770, 77.223434",148,"2,8",182,"2,8",245,"2,8",RAPIDO,,10,48,10.8,0,1,1,16.737,36.11666667,MODERATE,0,24.8,16.1,1,48,24.5,7.9,2,51,RESIDENTIAL,TRANSIT_HUB,2,8,2,8,2,8,8.84,10.87,14.64
15-03-2026 10:49,Prakhar,"28.612767, 77.243334","28.629468, 77.078967",178,"1,8",241,"1,8",312,"1,8",RAPIDO,,10,49,10.82,0,1,1,21.732,43.2,NORMAL,0,24.5,7.9,2,51,25,16.1,1,48,RELIGIOUS,TRANSIT_HUB,1,8,1,8,1,8,8.19,11.09,14.36
15-03-2026 10:50,Prakhar,"28.736388, 77.117084","28.816333, 77.134276",114,"1,8",215,"1,8",230,"1,8",RAPIDO,,10,50,10.83,0,1,1,15.486,24.68333333,NORMAL,0,25.3,15,2,50,25.1,10.2,3,56,RESIDENTIAL,EDUCATION,1,8,1,8,1,8,7.36,13.88,14.85
15-03-2026 10:51,Prakhar,"28.527654, 77.211685","28.529352, 77.148457",85,"4,8",145,"4,8",171,"4,8",RAPIDO,,10,51,10.85,0,1,1,9.454,22.35,MODERATE,0,24.5,12,2,49,24.8,16.1,1,48,RESIDENTIAL,RESIDENTIAL,4,8,4,8,4,8,8.99,15.34,18.09
15-03-2026 10:54,Pranav,"28.551,77.0582","28.556162,77.100281",168,"3,8",,,201,"3,8",RAPIDO,,10,54,10.9,0,1,1,10.56,19.26666667,NORMAL,0,25.9,17.4,1,44,25.2,14,1,49,TRANSIT_HUB,TRANSIT_HUB,3,8,0,0,3,8,15.91,0,19.03
15-03-2026 10:55,Prakhar,"28.528143, 77.219013","28.567811, 77.207901",57.01,"2,8",62.61,"1,7",127.25,"1,8",UBER,,10,55,10.92,0,1,1,7.291,21.63333333,HEAVY,0,24.5,12,2,49,24.5,7.9,2,51,RESIDENTIAL,TRANSIT_HUB,2,8,1,7,1,8,7.82,8.59,17.45
15-03-2026 10:56,Pranav,"28.643594,77.219402","28.651997,77.190637",44,"3,8",100,"3,8",163,"3,8",RAPIDO,,10,56,10.93,0,1,1,3.832,15.78333333,HEAVY,0,24.5,7.9,2,51,24.4,7.9,2,51,TRANSIT_HUB,RESIDENTIAL,3,8,3,8,3,8,11.48,26.1,42.54
15-03-2026 10:57,Prakhar,"28.667836, 77.229014","28.608447, 77.293078",83.03,"3,8",115.69,"2,8",165.78,"2,8",UBER,,10,57,10.95,0,1,1,11.499,20.13333333,NORMAL,0,24.8,7.6,2,51,24.8,7.6,2,51,TRANSIT_HUB,RESIDENTIAL,3,8,2,8,2,8,7.22,10.06,14.42
15-03-2026 10:57,Pranav,"28.5245,77.1543","28.528223,77.219629",89,"2,8",134,"2,8",179,"2,8",RAPIDO,Yes,10,57,10.95,0,1,1,10.375,27.86666667,MODERATE,1,25,14,1,49,24.7,10.7,2,49,RESIDENTIAL,RESIDENTIAL,2,8,2,8,2,8,8.58,12.92,17.25
15-03-2026 10:59,Pranav,"28.631451,77.216667","28.6219,77.0871",148,"3,8",230,"3,8",274,"3,8",RAPIDO,,10,59,10.98,0,1,1,16.214,34.23333333,MODERATE,0,24.5,7.9,2,51,25.1,16.1,1,48,RESIDENTIAL,RESIDENTIAL,3,8,3,8,3,8,9.13,14.19,16.9
15-03-2026 11:00,Prakhar,"28.699000, 77.138722","28.651651, 77.191570",63.78,"3,8",75.87,"3,8",142.98,"2,8",UBER,,11,0,11,0,1,0,9.722,24.83333333,MODERATE,0,25.7,14.5,2,48,24.9,9,2,49,RESIDENTIAL,RESIDENTIAL,3,8,3,8,2,8,6.56,7.8,14.71
15-03-2026 11:01,Pranav,"28.734,77.116","28.5672,77.1871",215,"1,8",354,"1,8",364,"1,8",RAPIDO,,11,1,11.02,0,1,0,26.283,46.53333333,NORMAL,0,25.7,14.5,2,48,25.4,17.2,1,46,RESIDENTIAL,RESIDENTIAL,1,8,1,8,1,8,8.18,13.47,13.85
15-03-2026 11:02,Prakhar,"28.630420, 77.217713","28.554785, 77.063985",161.97,"2,8",247.36,"1,8",346.63,"1,8",UBER,,11,2,11.03,0,1,0,24.509,43.48333333,NORMAL,0,25,9,2,49,25.6,17.2,1,46,RESIDENTIAL,RESIDENTIAL,2,8,1,8,1,8,6.61,10.09,14.14
15-03-2026 11:03,Pranav,"28.5494,77.2516","28.6046,77.2964",108,"2,8",171,"2,8",208,"2,8",RAPIDO,,11,3,11.05,0,1,0,13.419,29.03333333,MODERATE,0,25,12.8,2,47,25.1,9,2,49,COMMERCIAL,RESIDENTIAL,2,8,2,8,2,8,8.05,12.74,15.5
15-03-2026 11:03,Prakhar,"28.529352, 77.148457","28.630770, 77.223434",129.83,"4,8",157.64,"2,8",263.62,"1,8",UBER,,11,3,11.05,0,1,0,16.737,36.11666667,MODERATE,0,25.3,17.2,1,46,25,9,2,49,RESIDENTIAL,TRANSIT_HUB,4,8,2,8,1,8,7.76,9.42,15.75
15-03-2026 11:05,Pranav,"28.6986,77.1312","28.689247,77.210693",85,"3,8",138,"3,8",179,"3,8",RAPIDO,,11,5,11.08,0,1,0,10.809,26.5,MODERATE,0,25.6,14.5,2,48,25.6,12.1,2,50,RESIDENTIAL,RESIDENTIAL,3,8,3,8,3,8,7.86,12.77,16.56
15-03-2026 11:06,Prakhar,"28.612767, 77.243334","28.629468, 77.078967",363.18,"4,6",293.53,"3,7",340.79,"2,6",UBER,Yes,11,6,11.1,0,1,0,21.732,43.2,NORMAL,1,25,9,2,49,25.5,17.2,1,46,RELIGIOUS,TRANSIT_HUB,4,6,3,7,2,6,16.71,13.51,15.68
15-03-2026 11:06,Pranav,"28.567241,77.21","28.5245,77.1543",79,"3,8",126,"3,8",171,"3,8",RAPIDO,,11,6,11.1,0,1,0,10.423,27.65,MODERATE,0,25,9,2,49,25.2,17.2,1,46,RESIDENTIAL,RESIDENTIAL,3,8,3,8,3,8,7.58,12.09,16.41
15-03-2026 11:08,Prakhar,"28.736388, 77.117084","28.816333, 77.134276",87.68,"3,8",125.34,"2,8",243.8,"2,8",UBER,,11,8,11.13,0,1,0,15.486,24.68333333,NORMAL,0,26.1,11.5,2,50,25.6,6.8,3,56,RESIDENTIAL,EDUCATION,3,8,2,8,2,8,5.66,8.09,15.74
15-03-2026 11:10,Prakhar,"28.527654, 77.211685","28.529352, 77.148457",64.57,"3,8",78.89,"2,8",192.53,"2,8",UBER,,11,10,11.17,0,1,0,9.454,22.35,MODERATE,0,25,12.8,2,47,25.3,17.2,1,46,RESIDENTIAL,RESIDENTIAL,3,8,2,8,2,8,6.83,8.34,20.36
15-03-2026 11:48,Mrityunjay,"28.6219,77.0871","28.643594,77.219402",216,"2,1",216,"1,3",313,"1,4",UBER,,11,48,11.8,0,1,0,17.775,41.53333333,MODERATE,0,26.5,19.5,2,42,26.2,11.5,80,43,RESIDENTIAL,TRANSIT_HUB,2,1,1,3,1,4,12.15,12.15,17.61
15-03-2026 11:50,Mrityunjay,"28.588104,77.260508","28.5245,77.1543",121,"5,1",182,"3,3",265,"3,4",UBER,,11,50,11.83,0,1,0,17.567,36.01666667,NORMAL,0,27.7,10.6,1,45,27.5,10.4,3,44,RESIDENTIAL,RESIDENTIAL,5,1,3,3,3,4,6.89,10.36,15.09
15-03-2026 11:52,Mrityunjay,"28.734,77.116","28.650568,77.230196",153,"3,1",246,"2,3",330,"2,4",UBER,,11,52,11.87,0,1,0,21.892,41.5,NORMAL,0,26.8,14.6,0,43,26.2,11.5,80,43,RESIDENTIAL,RESIDENTIAL,3,1,2,3,2,4,6.99,11.24,15.07
15-03-2026 11:54,Mrityunjay,"28.573305,77.209496","28.6986,77.1312",151,"3,1",246,"1,3",319,"1,4",UBER,,11,54,11.9,0,1,0,22.054,40.66666667,NORMAL,0,26.2,11.5,80,43,26.7,14.6,0,43,RESIDENTIAL,RESIDENTIAL,3,1,1,3,1,4,6.85,11.15,14.46
15-03-2026 11:57,Mrityunjay,"28.551,77.0582","28.6163,77.2127",160,"2,1",258,"1,3",308,"2,4",UBER,,11,57,11.95,0,1,0,21.998,36.8,NORMAL,0,27.2,22.1,2,39,26.3,11.5,80,43,TRANSIT_HUB,RESIDENTIAL,2,1,1,3,2,4,7.27,11.73,14
15-03-2026 11:59,Mrityunjay,"28.5672,77.1871","28.5273,77.218",56,"3,1",78,"2,3",212,"1,4",UBER,,11,59,11.98,0,1,0,8.119,22.96666667,HEAVY,0,26.4,19.5,2,42,26.2,14.7,1,42,RESIDENTIAL,RESIDENTIAL,3,1,2,3,1,4,6.9,9.61,26.11
15-03-2026 12:01,Mrityunjay,"28.6046,77.2964","28.561959,77.281071",83,"4,1",134,"3,3",207,"3,4",UBER,,12,1,12.02,0,1,0,12.095,23.6,NORMAL,0,26.5,11.4,80,43,26.5,14.8,1,42,RESIDENTIAL,RESIDENTIAL,4,1,3,3,3,4,6.86,11.08,17.11
15-03-2026 12:02,Mrityunjay,"28.56148,77.273147","28.6219,77.0871",160,"3,1",271,"2,3",345,"2,4",UBER,,12,2,12.03,0,1,0,23.202,48.4,MODERATE,0,26.5,14.8,1,42,26.7,19.7,2,42,RESIDENTIAL,RESIDENTIAL,3,1,2,3,2,4,6.9,11.68,14.87
15-03-2026 12:07,Mrityunjay,"28.6219,77.0871","28.643594,77.219402",139,"1,1",224,"1,3",522,"3,6",UBER,,12,7,12.12,0,1,0,17.775,41.53333333,MODERATE,0,26.7,19.7,2,42,26.4,11.4,80,43,RESIDENTIAL,TRANSIT_HUB,1,1,1,3,3,6,7.82,12.6,29.37
15-03-2026 12:09,Mrityunjay,"28.588104,77.260508","28.5245,77.1543",121,"4,1",190,"3,3",265,"3,4",UBER,,12,9,12.15,0,1,0,17.567,36.01666667,NORMAL,0,27.7,11.4,1,46,27.6,12,3,43,RESIDENTIAL,RESIDENTIAL,4,1,3,3,3,4,6.89,10.82,15.09
15-03-2026 12:11,Mrityunjay,"28.734,77.116","28.650568,77.230196",153,"3,1",255,"3,3",332,"2,4",UBER,,12,11,12.18,0,1,0,21.892,41.5,NORMAL,0,27.1,15.8,0,42,26.4,11.4,80,43,RESIDENTIAL,RESIDENTIAL,3,1,3,3,2,4,6.99,11.65,15.17
15-03-2026 12:13,Mrityunjay,"28.573305,77.209496","28.6986,77.1312",151,"2,1",255,"1,3",337,"1,4",UBER,,12,13,12.22,0,1,0,22.054,40.66666667,NORMAL,0,27.6,11.4,1,46,27.3,9.6,2,47,RESIDENTIAL,RESIDENTIAL,2,1,1,3,1,4,6.85,11.56,15.28
15-03-2026 12:15,Mrityunjay,"28.551,77.0582","28.6163,77.2127",161,"1,1",268,"1,3",313,"1,4",UBER,,12,15,12.25,0,1,0,21.998,36.8,NORMAL,0,27.6,21.4,2,39,26.6,11.3,80,42,TRANSIT_HUB,RESIDENTIAL,1,1,1,3,1,4,7.32,12.18,14.23
15-03-2026 12:17,Mrityunjay,"28.5672,77.1871","28.5273,77.218",61,"3,1",94,"2,3",221,"2,1",UBER,,12,17,12.28,0,1,0,8.119,22.96666667,HEAVY,0,27.8,14.2,3,43,27.9,13.5,2,41,RESIDENTIAL,RESIDENTIAL,3,1,2,3,2,1,7.51,11.58,27.22
15-03-2026 12:18,Mrityunjay,"28.6046,77.2964","28.561959,77.281071",83,"4,1",142,"3,3",207,"3,4",UBER,,12,18,12.3,0,1,0,12.095,23.6,NORMAL,0,26.7,11.3,80,42,26.7,15.3,1,41,RESIDENTIAL,RESIDENTIAL,4,1,3,3,3,4,6.86,11.74,17.11
15-03-2026 12:21,Mrityunjay,"28.56148,77.273147","28.6219,77.0871	",163,"4,1",275,"2,3",376,"2,4",UBER,,12,21,12.35,0,1,0,23.202,48.4,MODERATE,0,26.7,15.3,1,41,26.8,19.7,2,42,RESIDENTIAL,RESIDENTIAL,4,1,2,3,2,4,7.03,11.85,16.21
15-03-2026 12:23,Mrityunjay,"28.6219,77.0871	","28.643594,77.219402",120,"2,1",178,"2,3",282,"1,4",UBER,,12,23,12.38,0,1,0,17.775,41.53333333,MODERATE,0,26.8,19.7,2,42,26.6,11.3,80,42,RESIDENTIAL,TRANSIT_HUB,2,1,2,3,1,4,6.75,10.01,15.86
15-03-2026 12:25,Mrityunjay,"28.588104,77.260508","28.5245,77.1543",121,"5,1",190,"3,3",267,"4,4",UBER,,12,25,12.42,0,1,0,17.567,36.01666667,NORMAL,0,26.7,11.3,80,42,26.5,19.7,2,42,RESIDENTIAL,RESIDENTIAL,5,1,3,3,4,4,6.89,10.82,15.2
15-03-2026 21:22,Prakhar,"28.528143, 77.219013","28.567811, 77.207901",66,"5,8",133,"5,8",163,"5,8",RAPIDO,,21,22,21.37,0,1,1,7.291,21.63333333,HEAVY,0,22.5,9.1,2,63,22.4,7.9,2,64,RESIDENTIAL,TRANSIT_HUB,5,8,5,8,5,8,9.05,18.24,22.36
15-03-2026 21:24,Prakhar,"28.667836, 77.229014","28.608447, 77.293078",93,"4,8",161,"4,8",192,"4,8",RAPIDO,,21,24,21.4,0,1,1,11.499,20.13333333,NORMAL,0,22.5,7.9,2,64,22.5,7.9,2,64,TRANSIT_HUB,RESIDENTIAL,4,8,4,8,4,8,8.09,14,16.7
15-03-2026 21:26,Prakhar,"28.699000, 77.138722","28.651651, 77.191570",83,"4,8",148,"2,8",198,"2,8",RAPIDO,,21,26,21.43,0,1,1,9.722,24.83333333,MODERATE,0,22.1,9.5,1,65,22.3,7.9,2,64,RESIDENTIAL,RESIDENTIAL,4,8,2,8,2,8,8.54,15.22,20.37
15-03-2026 21:27,Prakhar,"28.630420, 77.217713","28.554785, 77.063985",205,"4,8",339,"4,8",335,"4,8",RAPIDO,,21,27,21.45,0,1,1,24.509,43.48333333,NORMAL,0,22.4,7.9,2,64,22.6,10.5,2,64,RESIDENTIAL,RESIDENTIAL,4,8,4,8,4,8,8.36,13.83,13.67
15-03-2026 21:29,Prakhar,"28.529352, 77.148457","28.630770, 77.223434",149,"3,8",200,"3,8",246,"3,8",RAPIDO,,21,29,21.48,0,1,1,16.737,36.11666667,MODERATE,0,22.2,10.5,2,64,22.5,7.9,2,64,RESIDENTIAL,TRANSIT_HUB,3,8,3,8,3,8,8.9,11.95,14.7
15-03-2026 21:31,Prakhar,"28.612767, 77.243334","28.629468, 77.078967",180,"2,8",244,"5,8",317,"2,8",RAPIDO,,21,31,21.52,0,1,1,21.732,43.2,NORMAL,0,22.3,8,2,65,22.2,10.9,2,65,RELIGIOUS,TRANSIT_HUB,2,8,5,8,2,8,8.28,11.23,14.59
15-03-2026 21:32,Prakhar,"28.736388, 77.117084","28.816333, 77.134276",114,"2,8",191,"2,8",240,"2,8",RAPIDO,,21,32,21.53,0,1,1,15.486,24.68333333,NORMAL,0,21.9,9.6,1,66,19.9,8.3,1,74,RESIDENTIAL,EDUCATION,2,8,2,8,2,8,7.36,12.33,15.5
15-03-2026 21:34,Prakhar,"28.527654, 77.211685","28.529352, 77.148457",88,"5,8",141,"5,8",178,"5,8",RAPIDO,Yes,21,34,21.57,0,1,1,9.454,22.35,MODERATE,1,22.3,9.2,2,64,22,10.9,2,65,RESIDENTIAL,RESIDENTIAL,5,8,5,8,5,8,9.31,14.91,18.83
15-03-2026 21:38,Prakhar,"28.528143, 77.219013","28.567811, 77.207901",93.11,"2,1",140.31,"1,8",218.52,"1,8",UBER,,21,38,21.63,0,1,1,7.291,21.63333333,HEAVY,0,22.3,9.2,2,64,22.2,8,2,65,RESIDENTIAL,TRANSIT_HUB,2,1,1,8,1,8,12.77,19.24,29.97
15-03-2026 21:40,Prakhar,"28.667836, 77.229014","28.608447, 77.293078",133.64,"2,7",227.26,"2,7",283.75,"1,7",UBER,,21,40,21.67,0,1,1,11.499,20.13333333,NORMAL,0,22.3,8,2,65,22.3,8,2,65,TRANSIT_HUB,RESIDENTIAL,2,7,2,7,1,7,11.62,19.76,24.68
15-03-2026 21:42,Mrityunjay,"28.6219,77.0871","28.643594,77.219402",210,"3,1",365,"3,3",405,"2,4",UBER,,21,42,21.7,0,1,1,17.775,41.53333333,MODERATE,0,22.3,10.9,2,65,22.2,8,2,65,RESIDENTIAL,TRANSIT_HUB,3,1,3,3,2,4,11.81,20.53,22.78
15-03-2026 21:43,Prakhar,"28.699000, 77.138722","28.651651, 77.191570",105.95,"4,8",169.87,"4,7",244.86,"3,7",UBER,,21,43,21.72,0,1,1,9.722,24.83333333,MODERATE,0,21.9,9.6,1,66,22.1,8,2,65,RESIDENTIAL,RESIDENTIAL,4,8,4,7,3,7,10.9,17.47,25.19
15-03-2026 21:44,Mrityunjay,"28.588104,77.260508","28.5245,77.1543",184,"5,1",325,"3,3",342,"5,4",UBER,,21,44,21.73,0,1,1,17.567,36.01666667,NORMAL,0,22.3,8,2,65,22,10.9,2,65,RESIDENTIAL,RESIDENTIAL,5,1,3,3,5,4,10.47,18.5,19.47
15-03-2026 21:46,Prakhar,"28.630420, 77.217713","28.554785, 77.063985",246.43,"3,8",419.03,"1,8",470.01,"2,8",UBER,,21,46,21.77,0,1,1,24.509,43.48333333,NORMAL,0,22,8.3,2,66,22.2,11.3,2,66,RESIDENTIAL,RESIDENTIAL,3,8,1,8,2,8,10.05,17.1,19.18
15-03-2026 21:46,Mrityunjay,"28.734,77.116","28.650568,77.230196",231,"3,1",410,"3,3",424,"2,4",UBER,,21,46,21.77,0,1,1,21.892,41.5,NORMAL,0,21.7,10,2,67,22,8.3,2,66,RESIDENTIAL,RESIDENTIAL,3,1,3,3,2,4,10.55,18.73,19.37
15-03-2026 21:48,Prakhar,"28.529352, 77.148457","28.630770, 77.223434",182.21,"4,8",298.22,"2,8",344.43,"1,8",UBER,,21,48,21.8,0,1,1,16.737,36.11666667,MODERATE,0,21.8,11.3,2,66,22.1,8.3,2,66,RESIDENTIAL,TRANSIT_HUB,4,8,2,8,1,8,10.89,17.82,20.58
15-03-2026 21:49,Mrityunjay,"28.573305,77.209496","28.6986,77.1312",230,"4,1",410,"2,3",424,"2,4",UBER,,21,49,21.82,0,1,1,22.054,40.66666667,NORMAL,0,22,8.3,2,66,21.6,10,2,67,RESIDENTIAL,RESIDENTIAL,4,1,2,3,2,4,10.43,18.59,19.23
15-03-2026 21:49,Prakhar,"28.612767, 77.243334","28.629468, 77.078967",224.16,"4,8",371.27,"4,8",412.93,"4,8",UBER,,21,49,21.82,0,1,1,21.732,43.2,NORMAL,0,22.1,8.3,2,66,22,11.3,2,66,RELIGIOUS,TRANSIT_HUB,4,8,4,8,4,8,10.31,17.08,19
15-03-2026 21:50,Mrityunjay,"28.551,77.0582","28.6163,77.2127",241,"2,1",476,"5,3",400,"2,4",UBER,,21,50,21.83,0,1,1,21.998,36.8,NORMAL,0,21.6,11,1,67,22.1,8.3,2,66,TRANSIT_HUB,RESIDENTIAL,2,1,5,3,2,4,10.96,21.64,18.18
15-03-2026 21:51,Prakhar,"28.736388, 77.117084","28.816333, 77.134276",140.07,"3,8",243.44,"3,7",310.78,"2,8",UBER,,21,51,21.85,0,1,1,15.486,24.68333333,NORMAL,0,21.7,10,2,67,19.7,8.6,1,75,RESIDENTIAL,EDUCATION,3,8,3,7,2,8,9.04,15.72,20.07
15-03-2026 21:53,Mrityunjay,"28.5672,77.1871","28.5273,77.218",83,"3,1",124,"2,3",228,"2,4",UBER,,21,53,21.88,0,1,1,8.119,22.96666667,HEAVY,0,22,11.3,2,66,22.1,9.6,1,65,RESIDENTIAL,RESIDENTIAL,3,1,2,3,2,4,10.22,15.27,28.08
15-03-2026 21:53,Prakhar,"28.527654, 77.211685","28.529352, 77.148457",104.16,"4,8",167.42,"2,8",239.67,"2,8",UBER,,21,53,21.88,0,1,1,9.454,22.35,MODERATE,0,22.1,9.6,1,65,21.8,11.3,2,66,RESIDENTIAL,RESIDENTIAL,4,8,2,8,2,8,11.02,17.71,25.35
15-03-2026 21:54,Mrityunjay,"28.6046,77.2964","28.561959,77.281071",134,"3,1",245,"2,3",261,"2,4",UBER,,21,54,21.9,0,1,1,12.095,23.6,NORMAL,0,22.1,8.3,2,66,22.2,9.6,1,65,RESIDENTIAL,RESIDENTIAL,3,1,2,3,2,4,11.08,20.26,21.58
15-03-2026 21:57,Mrityunjay,"28.56148,77.273147","28.6219,77.0871",247,"1,3",441,"2,3",492,"2,4",UBER,,21,57,21.95,0,1,1,23.202,48.4,MODERATE,0,22.2,9.6,1,65,22.1,11.3,2,66,RESIDENTIAL,RESIDENTIAL,1,3,2,3,2,4,10.65,19.01,21.21
15-03-2026 22:00,Mrityunjay,"28.6219,77.0871","28.643594,77.219402",210,"3,1",365,"4,3",401,"2,4",UBER,,22,0,22,0,1,0,17.775,41.53333333,MODERATE,0,21.9,11.2,2,67,21.8,8.6,2,67,RESIDENTIAL,TRANSIT_HUB,3,1,4,3,2,4,11.81,20.53,22.56
15-03-2026 22:02,Mrityunjay,"28.588104,77.260508","28.5245,77.1543",235,"6,1",325,"5,3",209,"6,4",UBER,,22,2,22.03,0,1,0,17.567,36.01666667,NORMAL,0,21.9,8.6,2,67,21.6,11.2,2,67,RESIDENTIAL,RESIDENTIAL,6,1,5,3,6,4,13.38,18.5,11.9
15-03-2026 22:05,Mrityunjay,"28.734,77.116","28.650568,77.230196",231,"3,1",410,"3,3",260,"2,4",UBER,,22,5,22.08,0,1,0,21.892,41.5,NORMAL,0,21.6,10.2,2,67,21.8,8.6,2,67,RESIDENTIAL,RESIDENTIAL,3,1,3,3,2,4,10.55,18.73,11.88
15-03-2026 22:07,Mrityunjay,"28.573305,77.209496","28.6986,77.1312",230,"5,1",410,"2,3",258,"3,4",UBER,,22,7,22.12,0,1,0,22.054,40.66666667,NORMAL,0,21.8,8.6,2,67,21.5,10.2,2,67,RESIDENTIAL,RESIDENTIAL,5,1,2,3,3,4,10.43,18.59,11.7
15-03-2026 22:09,Mrityunjay,"28.551,77.0582","28.6163,77.2127",240,"4,1",430,"6,3",243,"4,4",UBER,,22,9,22.15,0,1,0,21.998,36.8,NORMAL,0,21.4,11.3,1,68,21.9,8.6,2,67,TRANSIT_HUB,RESIDENTIAL,4,1,6,3,4,4,10.91,19.55,11.05
15-03-2026 22:12,Mrityunjay,"28.5672,77.1871","28.5273,77.218",82,"4,1",124,"2,3",142,"3,4",UBER,,22,12,22.2,0,1,0,8.119,22.96666667,HEAVY,0,21.8,11.2,2,67,21.9,9.9,1,66,RESIDENTIAL,RESIDENTIAL,4,1,2,3,3,4,10.1,15.27,17.49
15-03-2026 22:18,Mrityunjay,"28.6046,77.2964","28.561959,77.281071",133,"3,1",245,"4,3",161,"4,4",UBER,,22,18,22.3,0,1,0,12.095,23.6,NORMAL,0,21.7,8.5,2,67,21.8,9.9,1,66,RESIDENTIAL,RESIDENTIAL,3,1,4,3,4,4,11,20.26,13.31
15-03-2026 22:20,Mrityunjay,"28.56148,77.273147","28.6219,77.0871",246,"4,1",441,"2,3",299,"2,4",UBER,,22,20,22.33,0,1,0,23.202,48.4,MODERATE,0,21.8,9.9,1,66,21.7,11.1,2,68,RESIDENTIAL,RESIDENTIAL,4,1,2,3,2,4,10.6,19.01,12.89
16-03-2026 08:44,Pranav,"28.551,77.0582","28.556162,77.100281",154,"3,8",,,154,"3,8",RAPIDO,,8,44,8.73,1,0,1,10.56,19.26666667,NORMAL,0,19.8,14.8,0,62,19.2,12.6,0,66,TRANSIT_HUB,TRANSIT_HUB,3,8,0,0,3,8,14.58,0,14.58
16-03-2026 08:46,Pranav,"28.643594,77.219402","28.651997,77.190637",43,"3,8",94,"3,8",205,"3,8",RAPIDO,,8,46,8.77,1,0,1,3.832,15.78333333,HEAVY,0,19.7,9.1,0,62,19.6,9.1,0,62,TRANSIT_HUB,RESIDENTIAL,3,8,3,8,3,8,11.22,24.53,53.5
16-03-2026 08:48,Pranav,"28.5245,77.1543","28.528223,77.219629",86,"2,8",167,"2,8",181,"2,8",RAPIDO,,8,48,8.8,1,0,1,10.375,27.86666667,MODERATE,0,19.6,12.7,0,64,19.6,10.6,0,62,RESIDENTIAL,RESIDENTIAL,2,8,2,8,2,8,8.29,16.1,17.45
16-03-2026 08:50,Pranav,"28.631451,77.216667","28.6219,77.0871",148,"3,8",281,"3,8",324,"3,8",RAPIDO,,8,50,8.83,1,0,1,16.214,34.23333333,MODERATE,0,19.7,9.1,0,62,19.9,12.7,0,64,RESIDENTIAL,RESIDENTIAL,3,8,3,8,3,8,9.13,17.33,19.98
16-03-2026 08:52,Pranav,"28.734,77.116","28.5672,77.1871",221,"2,8",435,"2,8",372,"2,8",RAPIDO,,8,52,8.87,1,0,1,26.283,46.53333333,NORMAL,0,19.9,12.3,0,63,19.8,12.7,0,64,RESIDENTIAL,RESIDENTIAL,2,8,2,8,2,8,8.41,16.55,14.15
16-03-2026 08:54,Pranav,"28.5494,77.2516","28.6046,77.2964",109,"3,8",202,"3,8",204,"3,8",RAPIDO,,8,54,8.9,1,0,1,13.419,29.03333333,MODERATE,0,19.6,10.6,0,62,19.8,9.1,0,62,COMMERCIAL,RESIDENTIAL,3,8,3,8,3,8,8.12,15.05,15.2
16-03-2026 08:56,Pranav,"28.6986,77.1312","28.689247,77.210693",87,"2,8",175,"2,8",189,"2,8",RAPIDO,,8,56,8.93,1,0,1,10.809,26.5,MODERATE,0,19.8,12.3,0,63,19.9,10.5,0,61,RESIDENTIAL,RESIDENTIAL,2,8,2,8,2,8,8.05,16.19,17.49
16-03-2026 08:58,Pranav,"28.567241,77.21","28.5245,77.1543",97,"3,8",165,"3,8",179,"3,8",RAPIDO,Yes,8,58,8.97,1,0,1,10.424,27.65,MODERATE,1,19.7,9.1,0,62,19.6,12.7,0,64,RESIDENTIAL,RESIDENTIAL,3,8,3,8,3,8,9.31,15.83,17.17
16-03-2026 10:06,Pranav,"28.551,77.0582","28.556162,77.100281",153,"3,8",,,212,"3,8",RAPIDO,,10,6,10.1,1,0,1,10.56,19.26666667,NORMAL,0,24.4,19.6,0,45,23.8,15.6,0,48,TRANSIT_HUB,TRANSIT_HUB,3,8,0,0,3,8,14.49,0,20.08
16-03-2026 10:12,Pranav,"28.643594,77.219402","28.651997,77.190637",43,"3,8",90,"3,8",159,"3,8",RAPIDO,,10,12,10.2,1,0,1,3.832,15.78333333,HEAVY,0,23.9,11.2,0,46,23.8,11.2,0,46,TRANSIT_HUB,RESIDENTIAL,3,8,3,8,3,8,11.22,23.49,41.49
16-03-2026 10:16,Pranav,"28.5245,77.1543","28.528223,77.219629",106,"2,8",159,"2,8",185,"2,8",RAPIDO,Yes,10,16,10.27,1,0,1,10.375,27.86666667,MODERATE,1,24.2,16.1,0,47,24.3,13.6,0,45,RESIDENTIAL,RESIDENTIAL,2,8,2,8,2,8,10.22,15.33,17.83
16-03-2026 10:22,Pranav,"28.631451,77.216667","28.6219,77.0871",149,"3,8",229,"3,8",275,"3,8",RAPIDO,,10,22,10.37,1,0,1,16.214,34.23333333,MODERATE,0,24.7,12,0,44,24.5,16.1,0,47,RESIDENTIAL,RESIDENTIAL,3,8,3,8,3,8,9.19,14.12,16.96
16-03-2026 10:25,Pranav,"28.734,77.116","28.5672,77.1871",223,"2,8",349,"2,8",388,"2,8",RAPIDO,,10,25,10.42,1,0,1,26.283,46.53333333,NORMAL,0,24.4,15.3,0,46,24.4,16.4,0,46,RESIDENTIAL,RESIDENTIAL,2,8,2,8,2,8,8.48,13.28,14.76
16-03-2026 10:28,Pranav,"28.5494,77.2516","28.6046,77.2964",110,"3,8",158,"3,8",204,"3,8",RAPIDO,,10,28,10.47,1,0,1,13.419,29.03333333,MODERATE,0,24.3,13.6,0,45,24.8,12,0,44,COMMERCIAL,RESIDENTIAL,3,8,3,8,3,8,8.2,11.77,15.2
16-03-2026 10:32,Pranav,"28.6986,77.1312","28.689247,77.210693",87,"2,8",138,"2,8",188,"2,8",RAPIDO,,10,32,10.53,1,0,1,10.809,26.5,MODERATE,0,24.9,15.9,0,45,25.2,13.6,0,43,RESIDENTIAL,RESIDENTIAL,2,8,2,8,2,8,8.05,12.77,17.39
16-03-2026 10:34,Pranav,"28.567241,77.21","28.5245,77.1543",81,"3,8",119,"3,8",172,"3,8",RAPIDO,,10,34,10.57,1,0,1,10.424,27.65,MODERATE,0,25.4,12.5,0,43,24.8,16.9,0,45,RESIDENTIAL,RESIDENTIAL,3,8,3,8,3,8,7.77,11.42,16.5
16-03-2026 21:37,Mrityunjay,"28.6219,77.0871","28.643594,77.219402",155,"1,1",273,"2,3",399,"1,4",UBER,,21,37,21.62,1,0,1,17.775,41.53333333,MODERATE,0,22,7.5,3,64,22.3,6.4,3,59,RESIDENTIAL,TRANSIT_HUB,1,1,2,3,1,4,8.72,15.36,22.45
16-03-2026 21:40,Mrityunjay,"28.588104,77.260508","28.5245,77.1543",135,"3,1",239,"3,3",342,"2,4",UBER,,21,40,21.67,1,0,1,17.567,36.01666667,NORMAL,0,22.4,6.4,3,59,21.7,7.5,3,64,RESIDENTIAL,RESIDENTIAL,3,1,3,3,2,4,7.68,13.61,19.47
16-03-2026 21:43,Mrityunjay,"28.734,77.116","28.650568,77.230196",170,"2,1",312,"3,3",420,"2,4",UBER,,21,43,21.72,1,0,1,21.892,41.5,NORMAL,0,21.5,6.4,3,66,22.3,6.4,3,59,RESIDENTIAL,RESIDENTIAL,2,1,3,3,2,4,7.77,14.25,19.19
16-03-2026 21:46,Mrityunjay,"28.573305,77.209496","28.6986,77.1312",169,"3,1",312,"2,3",417,"2,4",UBER,,21,46,21.77,1,0,1,22.054,40.66666667,NORMAL,0,22.1,6,3,60,21.2,5.9,3,67,RESIDENTIAL,RESIDENTIAL,3,1,2,3,2,4,7.66,14.15,18.91
16-03-2026 21:53,Mrityunjay,"28.5672,77.1871","28.5273,77.218",65,"3,1",118,"2,3",285,"1,4",UBER,,21,53,21.88,1,0,1,8.119,22.96666667,HEAVY,0,21.7,6.8,3,65,22.3,6.3,3,59,RESIDENTIAL,RESIDENTIAL,3,1,2,3,1,4,8.01,14.53,35.1
16-03-2026 21:57,Mrityunjay,"28.6046,77.2964","28.561959,77.281071",84,"2,1",162,"3,3",332,"1,4",UBER,,21,57,21.95,1,0,1,12.095,23.6,NORMAL,0,22.2,6,3,60,22.4,6.3,3,59,RESIDENTIAL,RESIDENTIAL,2,1,3,3,1,4,6.95,13.39,27.45
16-03-2026 22:04,Mrityunjay,"28.56148,77.273147","28.6219,77.0871",180,"3,1",332,"1,3",324,"1,4",UBER,,22,4,22.07,1,0,0,23.202,48.4,MODERATE,0,22.2,5.7,3,59,21.6,6.1,3,65,RESIDENTIAL,RESIDENTIAL,3,1,1,3,1,4,7.76,14.31,13.96
16-03-2026 22:16,Mrityunjay,"28.6219,77.0871","28.643594,77.219402",133,"2,1",224,"3,3",221,"1,4",UBER,,22,16,22.27,1,0,0,17.775,41.53333333,MODERATE,0,21.4,5.5,3,66,21.8,4.8,3,61,RESIDENTIAL,TRANSIT_HUB,2,1,3,3,1,4,7.48,12.6,12.43
16-03-2026 22:18,Mrityunjay,"28.588104,77.260508","28.5245,77.1543",135,"3,1",240,"3,3",208,"4,3",UBER,,22,18,22.3,1,0,0,17.567,36.01666667,NORMAL,0,21.9,4.8,3,61,21.1,5.5,3,66,RESIDENTIAL,RESIDENTIAL,3,1,3,3,4,3,7.68,13.66,11.84
16-03-2026 22:21,Mrityunjay,"28.734,77.116","28.650568,77.230196",170,"3,1",312,"4,3",260,"2,4",UBER,,22,21,22.35,1,0,0,21.892,41.5,NORMAL,0,21,4.8,3,69,21.8,4.8,3,61,RESIDENTIAL,RESIDENTIAL,3,1,4,3,2,4,7.77,14.25,11.88
16-03-2026 22:23,Mrityunjay,"28.573305,77.209496","28.6986,77.1312",180,"3,1",312,"2,3",252,"3,4",UBER,,22,23,22.38,1,0,0,22.054,40.66666667,NORMAL,0,21.8,4.5,3,61,20.9,4.8,3,69,RESIDENTIAL,RESIDENTIAL,3,1,2,3,3,4,8.16,14.15,11.43
16-03-2026 22:27,Mrityunjay,"28.551,77.0582","28.6163,77.2127",178,"1,1",327,"4,3",243,"1,4",UBER,,22,27,22.45,1,0,0,21.998,36.8,NORMAL,0,20.7,5.9,3,69,21.9,4.8,3,61,TRANSIT_HUB,RESIDENTIAL,1,1,4,3,1,4,8.09,14.86,11.05
16-03-2026 22:31,Mrityunjay,"28.5672,77.1871","28.5273,77.218",76,"2,1",118,"2,3",150,"3,4",UBER,,22,31,22.52,1,0,0,8.119,22.96666667,HEAVY,0,21.1,4.8,3,67,21.8,4.5,3,61,RESIDENTIAL,RESIDENTIAL,2,1,2,3,3,4,9.36,14.53,18.48
16-03-2026 22:33,Mrityunjay,"28.6046,77.2964","28.561959,77.281071",112,"2,1",188,"3,3",174,"3,4",UBER,,22,33,22.55,1,0,0,12.095,23.6,NORMAL,0,21.8,4,3,62,21.9,4.5,3,61,RESIDENTIAL,RESIDENTIAL,2,1,3,3,3,4,9.26,15.54,14.39
16-03-2026 22:35,Mrityunjay,"28.56148,77.273147","28.6219,77.0871",208,"2,1",331,"2,4",321,"1,4",UBER,,22,35,22.58,1,0,0,23.202,48.4,MODERATE,0,21.9,4.5,3,61,21.2,4.8,3,67,RESIDENTIAL,RESIDENTIAL,2,1,2,4,1,4,8.96,14.27,13.84
17-03-2026 20:29,Mrityunjay,"28.6219,77.0871","28.643594,77.219402",134,"2,1",216,"3,3",402,"1,4",UBER,,20,29,20.48,2,0,1,17.775,41.53333333,MODERATE,0,23.7,4,3,61,25.1,3.6,3,53,RESIDENTIAL,TRANSIT_HUB,2,1,3,3,1,4,7.54,12.15,22.62
17-03-2026 20:31,Mrityunjay,"28.588104,77.260508","28.5245,77.154",145,"3,1",230,"3,3",339,"3,4",UBER,,20,31,20.52,2,0,1,17.632,36.43333333,MODERATE,0,25,3.6,3,54,23.2,4,3,62,RESIDENTIAL,HEALTHCARE,3,1,3,3,3,4,8.22,13.04,19.23
17-03-2026 20:34,Mrityunjay,"28.734,77.116","28.650568,77.230196",168,"2,1",301,"2,3",416,"1,4",UBER,,20,34,20.57,2,0,1,21.892,41.5,NORMAL,0,23.2,4,3,64,24.8,3.6,3,54,RESIDENTIAL,RESIDENTIAL,2,1,2,3,1,4,7.67,13.75,19
17-03-2026 20:37,Mrityunjay,"28.573305,77.209496","28.6986,77.1312",172,"3,1",300,"2,3",431,"2,4",UBER,,20,37,20.62,2,0,1,22.054,40.66666667,NORMAL,0,24.9,3.6,3,54,23.1,4,3,64,RESIDENTIAL,RESIDENTIAL,3,1,2,3,2,4,7.8,13.6,19.54
17-03-2026 20:39,Mrityunjay,"28.551,77.0582","28.6163,77.212",178,"1,1",316,"1,3",397,"1,4",UBER,,20,39,20.65,2,0,1,21.596,35.86666667,NORMAL,0,22.4,4.1,3,66,24.9,3.6,3,54,TRANSIT_HUB,TRANSIT_HUB,1,1,1,3,1,4,8.24,14.63,18.38
17-03-2026 20:41,Mrityunjay,"28.5672,77.1871","28.5273,77.218",68,"1,1",138,"1,3",267,"1,4",UBER,,20,41,20.68,2,0,1,8.119,22.96666667,HEAVY,0,23.3,4,3,62,24.4,4,3,55,RESIDENTIAL,RESIDENTIAL,1,1,1,3,1,4,8.38,17,32.89
17-03-2026 20:43,Mrityunjay,"28.6046,77.2964","28.561959,77.281071",81,"2,1",162,"2,3",296,"1,4",UBER,,20,43,20.72,2,0,1,12.095,23.6,NORMAL,0,25,3.6,3,54,24.5,4,3,55,RESIDENTIAL,RESIDENTIAL,2,1,2,3,1,4,6.7,13.39,24.47
17-03-2026 20:45,Mrityunjay,"28.56148,77.273147","28.6219,77.0871",182,"2,1",319,"2,3",494,"1,4",UBER,,20,45,20.75,2,0,1,23.202,48.4,MODERATE,0,24.3,4,3,56,23.2,4,3,63,RESIDENTIAL,RESIDENTIAL,2,1,2,3,1,4,7.84,13.75,21.29
18-03-2026 09:47,Pranav,"28.551,77.0582","28.556162,77.100281",154,"3,8",,,203,"3,8",RAPIDO,,9,47,9.78,3,0,1,11.059,19.15,NORMAL,0,23.3,3.5,0,63,22.5,2.7,0,68,TRANSIT_HUB,TRANSIT_HUB,3,8,0,0,3,8,13.93,0,18.36
18-03-2026 09:48,Pranav,"28.643594,77.219402","28.651997,77.190637",44,"3,8",90,"3,8",159,"3,8",RAPIDO,,9,48,9.8,3,0,1,3.832,15.78333333,HEAVY,0,23.5,1.8,1,58,23.4,1.8,1,58,TRANSIT_HUB,RESIDENTIAL,3,8,3,8,3,8,11.48,23.49,41.49
18-03-2026 09:50,Pranav,"28.5245,77.1543","28.528223,77.219629",97,"2,8",144,"2,8",183,"2,8",RAPIDO,Yes,9,50,9.83,3,0,1,10.375,27.86666667,MODERATE,1,22.2,2.7,0,68,23.2,2.6,0,60,RESIDENTIAL,RESIDENTIAL,2,8,2,8,2,8,9.35,13.88,17.64
18-03-2026 09:52,Pranav,"28.631451,77.216667","28.6219,77.0871",140,"2,8",202,"2,8",253,"2,8",RAPIDO,,9,52,9.87,3,0,1,16.214,34.23333333,MODERATE,0,23.5,1.8,1,58,22.5,2.7,0,68,RESIDENTIAL,RESIDENTIAL,2,8,2,8,2,8,8.63,12.46,15.6
18-03-2026 09:53,Pranav,"28.734,77.116","28.5672,77.1871",229,"2,8",365,"2,8",370,"2,8",RAPIDO,,9,53,9.88,3,0,1,26.283,46.53333333,NORMAL,0,22.2,1.9,0,71,22.4,2.7,0,68,RESIDENTIAL,RESIDENTIAL,2,8,2,8,2,8,8.71,13.89,14.08
18-03-2026 09:55,Pranav,"28.5494,77.2516","28.6046,77.2964",110,"3,8",189,"3,8",207,"3,8",RAPIDO,,9,55,9.92,3,0,1,13.419,29.03333333,MODERATE,0,23.2,2.6,0,60,23.6,1.8,1,58,COMMERCIAL,RESIDENTIAL,3,8,3,8,3,8,8.2,14.08,15.43
18-03-2026 09:57,Pranav,"28.6986,77.1312","28.689247,77.210693",89,"3,8",140,"3,8",191,"3,8",RAPIDO,,9,57,9.95,3,0,1,10.809,26.5,MODERATE,0,22.1,1.9,0,71,22.3,1.5,0,68,RESIDENTIAL,RESIDENTIAL,3,8,3,8,3,8,8.23,12.95,17.67
18-03-2026 09:59,Pranav,"28.567241,77.21","28.5245,77.1543",82,"3,8",119,"3,8",172,"3,8",RAPIDO,,9,59,9.98,3,0,1,10.424,27.65,MODERATE,0,23.5,1.8,1,58,22.2,2.7,0,68,RESIDENTIAL,RESIDENTIAL,3,8,3,8,3,8,7.87,11.42,16.5
18-03-2026 11:15,Pranav,"28.551,77.0582","28.556162,77.100281",170,"3,8",,,203,"3,8",RAPIDO,,11,15,11.25,3,0,0,11.059,19.15,NORMAL,0,27.7,4.6,1,48,26.9,4.2,1,52,TRANSIT_HUB,TRANSIT_HUB,3,8,0,0,3,8,15.37,0,18.36
18-03-2026 11:17,Pranav,"28.643594,77.219402","28.651997,77.190637",45,"3,8",109,"3,8",169,"3,8",RAPIDO,,11,17,11.28,3,0,0,3.832,15.78333333,HEAVY,0,27.3,2.5,1,45,27.2,2.5,1,45,TRANSIT_HUB,RESIDENTIAL,3,8,3,8,3,8,11.74,28.44,44.1
18-03-2026 11:19,Pranav,"28.5245,77.1543","28.528223,77.219629",87,"2,8",134,"2,8",189,"2,8",RAPIDO,,11,19,11.32,3,0,0,10.375,27.86666667,MODERATE,0,26.1,2.8,1,54,26.8,1.9,1,47,RESIDENTIAL,RESIDENTIAL,2,8,2,8,2,8,8.39,12.92,18.22
18-03-2026 11:20,Pranav,"28.631451,77.216667","28.6219,77.0871",140,"2,8",233,"2,8",296,"2,8",RAPIDO,,11,20,11.33,3,0,0,16.214,34.23333333,MODERATE,0,27.3,2.5,1,45,26.9,4.2,1,52,RESIDENTIAL,RESIDENTIAL,2,8,2,8,2,8,8.63,14.37,18.26
18-03-2026 11:22,Pranav,"28.734,77.116","28.5672,77.1871",227,"2,8",322,"2,8",376,"2,8",RAPIDO,,11,22,11.37,3,0,0,26.283,46.53333333,NORMAL,0,26.3,1.8,1,55,26.3,2.8,1,54,RESIDENTIAL,RESIDENTIAL,2,8,2,8,2,8,8.64,12.25,14.31
18-03-2026 11:24,Pranav,"28.5494,77.2516","28.6046,77.2964",109,"3,8",176,"3,8",210,"3,8",RAPIDO,,11,24,11.4,3,0,0,13.419,29.03333333,MODERATE,0,26.8,1.9,1,47,27.3,1.6,1,45,COMMERCIAL,RESIDENTIAL,3,8,3,8,3,8,8.12,13.12,15.65
18-03-2026 11:25,Pranav,"28.6986,77.1312","28.689247,77.210693",89,"3,8",136,"3,8",187,"3,8",RAPIDO,,11,25,11.42,3,0,0,10.809,26.5,MODERATE,0,26.2,1.8,1,55,26.5,0.7,2,52,RESIDENTIAL,RESIDENTIAL,3,8,3,8,3,8,8.23,12.58,17.3
18-03-2026 11:27,Pranav,"28.567241,77.21","28.5245,77.1543",84,"3,8",126,"3,8",180,"3,8",RAPIDO,,11,27,11.45,3,0,0,10.424,27.65,MODERATE,0,27.2,1.6,1,45,26.1,2.8,1,54,RESIDENTIAL,RESIDENTIAL,3,8,3,8,3,8,8.06,12.09,17.27
18-03-2026 14:06,Pranav,"28.551,77.0582","28.556162,77.100281",149,"2,8",,,195,"2,8",RAPIDO,,14,6,14.1,3,0,0,11.059,19.15,NORMAL,0,31.5,4,2,36,30.6,2.9,2,39,TRANSIT_HUB,TRANSIT_HUB,2,8,0,0,2,8,13.47,0,17.63
18-03-2026 14:08,Pranav,"28.643594,77.219402","28.651997,77.190637",47,"7,8",88,"7,8",167,"7,8",RAPIDO,,14,8,14.13,3,0,0,3.832,15.78333333,HEAVY,0,30.9,1.4,2,36,30.8,1.4,2,36,UNKNOWN,RESIDENTIAL,7,8,7,8,7,8,12.27,22.96,43.58
18-03-2026 14:10,Pranav,"28.5245,77.1543","28.528223,77.219629",90,"2,8",152,"2,8",176,"2,8",RAPIDO,,14,10,14.17,3,0,0,10.375,27.86666667,MODERATE,0,29.4,2,3,44,30,0.5,3,39,RESIDENTIAL,RESIDENTIAL,2,8,2,8,2,8,8.67,14.65,16.96
18-03-2026 14:12,Pranav,"28.631451,77.216667","28.6219,77.0871",154,"3,8",233,"3,8",260,"3,8",RAPIDO,,14,12,14.2,3,0,0,16.214,34.23333333,MODERATE,0,30.4,0.5,3,37,29.7,2,3,44,RESIDENTIAL,RESIDENTIAL,3,8,3,8,3,8,9.5,14.37,16.04
18-03-2026 14:13,Pranav,"28.734,77.116","28.5672,77.1871",224,"1,8",350,"1,8",334,"1,8",RAPIDO,,14,13,14.22,3,0,0,26.283,46.53333333,NORMAL,0,29.7,1.1,3,42,29.6,2,3,44,RESIDENTIAL,RESIDENTIAL,1,8,1,8,1,8,8.52,13.32,12.71
18-03-2026 14:15,Pranav,"28.5494,77.2516","28.6046,77.2964",108,"3,8",179,"3,8",198,"3,8",RAPIDO,,14,15,14.25,3,0,0,13.419,29.03333333,MODERATE,0,30,1,3,40,30.6,0.4,3,37,COMMERCIAL,RESIDENTIAL,3,8,3,8,3,8,8.05,13.34,14.76
18-03-2026 14:16,Pranav,"28.6986,77.1312","28.689247,77.210693",87,"3,8",138,"3,8",170,"3,8",RAPIDO,,14,16,14.27,3,0,0,10.809,26.5,MODERATE,0,29.6,1.8,3,42,29.9,2.5,3,40,RESIDENTIAL,RESIDENTIAL,3,8,3,8,3,8,8.05,12.77,15.73
18-03-2026 14:18,Pranav,"28.567241,77.21","28.5245,77.1543",86,"3,8",185,"3,8",166,"3,8",RAPIDO,,14,18,14.3,3,0,0,10.424,27.65,MODERATE,0,31.1,1.1,2,35,30.5,2.6,2,39,RESIDENTIAL,RESIDENTIAL,3,8,3,8,3,8,8.25,17.75,15.92
18-03-2026 17:25,Prakhar,"28.528143, 77.219013","28.567811, 77.207901",73,"5,8",165,"5,8",223,"5,8",RAPIDO,,17,25,17.42,3,0,1,7.291,21.63333333,HEAVY,0,30.4,5.8,3,33,30.7,5.2,3,33,RESIDENTIAL,TRANSIT_HUB,5,8,5,8,5,8,10.01,22.63,30.59
18-03-2026 17:26,Prakhar,"28.667836, 77.229014","28.608447, 77.293078",98,"5,8",161,"5,8",195,"5,8",RAPIDO,,17,26,17.43,3,0,1,11.499,20.13333333,NORMAL,0,30.8,5.2,3,33,30.8,5.2,3,33,TRANSIT_HUB,RESIDENTIAL,5,8,5,8,5,8,8.52,14,16.96
18-03-2026 17:29,Prakhar,"28.699000, 77.138722","28.651651, 77.191570",87,"3,8",149,"3,8",201,"3,8",RAPIDO,,17,29,17.48,3,0,1,9.722,24.83333333,MODERATE,0,29.9,4.3,3,36,30.6,5.2,3,33,RESIDENTIAL,RESIDENTIAL,3,8,3,8,3,8,8.95,15.33,20.67
18-03-2026 17:33,Prakhar,"28.630420, 77.217713","28.554785, 77.063985",220,"4,7",332,"4,8",398,"4,8",RAPIDO,,17,33,17.55,3,0,1,24.509,43.48333333,NORMAL,0,30.6,4.8,3,34,29.6,5.5,3,43,RESIDENTIAL,RESIDENTIAL,4,7,4,8,4,8,8.98,13.55,16.24
18-03-2026 17:36,Prakhar,"28.529352, 77.148457","28.630770, 77.223434",158,"3,8",260,"3,8",302,"3,8",RAPIDO,,17,36,17.6,3,0,1,16.737,36.11666667,MODERATE,0,29.2,5.5,3,43,30.6,4.8,3,34,RESIDENTIAL,TRANSIT_HUB,3,8,3,8,3,8,9.44,15.53,18.04
18-03-2026 17:38,Prakhar,"28.612767, 77.243334","28.629468, 77.078967",309,"2,8",402,"2,8",527,"2,8",RAPIDO,,17,38,17.63,3,0,1,21.732,43.2,NORMAL,0,30.6,4.8,3,34,29.4,5.5,3,43,RELIGIOUS,TRANSIT_HUB,2,8,2,8,2,8,14.22,18.5,24.25
18-03-2026 17:40,Prakhar,"28.736388, 77.117084","28.816333, 77.134276",117,"2,8",172,"2,8",226,"2,8",RAPIDO,,17,40,17.67,3,0,1,15.486,24.68333333,NORMAL,0,29.6,4,3,38,28.9,3.7,3,44,RESIDENTIAL,EDUCATION,2,8,2,8,2,8,7.56,11.11,14.59
18-03-2026 17:41,Prakhar,"28.527654, 77.211685","28.529352, 77.148457",85,"5,8",161,"5,8",244,"5,8",RAPIDO,,17,41,17.68,3,0,1,9.454,22.33333333,MODERATE,0,30.2,5.1,3,35,29.2,5.5,3,43,RESIDENTIAL,RESIDENTIAL,5,8,5,8,5,8,8.99,17.03,25.81
18-03-2026 19:38,Prakhar,"28.528143, 77.219013","28.567811, 77.207901",71,"5,8",237,"5,8",249,"5,8",RAPIDO,,19,38,19.63,3,0,1,7.291,21.63333333,HEAVY,0,25.7,1.8,2,59,26.7,3.3,3,52,RESIDENTIAL,TRANSIT_HUB,5,8,5,8,5,8,9.74,32.51,34.15
18-03-2026 19:39,Prakhar,"28.667836, 77.229014","28.608447, 77.293078",155,"5,8",255,"5,8",286,"5,8",RAPIDO,Yes,19,39,19.65,3,0,1,11.499,20.13333333,NORMAL,1,26.8,3.3,3,52,26.8,3.3,3,52,TRANSIT_HUB,RESIDENTIAL,5,8,5,8,5,8,13.48,22.18,24.87
18-03-2026 19:40,Prakhar,"28.699000, 77.138722","28.651651, 77.191570",87,"3,8",187,"3,8",195,"3,8",RAPIDO,,19,40,19.67,3,0,1,9.722,24.83333333,MODERATE,0,24.6,8.4,3,64,26.6,3.3,3,52,RESIDENTIAL,RESIDENTIAL,3,8,3,8,3,8,8.95,19.23,20.06
18-03-2026 19:41,Prakhar,"28.630420, 77.217713","28.554785, 77.063985",300,"4,8",417,"4,8",510,"4,8",RAPIDO,Yes,19,41,19.68,3,0,1,24.509,43.48333333,NORMAL,1,26.7,3.3,3,52,25.1,5.1,3,65,RESIDENTIAL,RESIDENTIAL,4,8,4,8,4,8,12.24,17.01,20.81
18-03-2026 19:42,Prakhar,"28.529352, 77.148457","28.630770, 77.223434",157,"3,8",292,"3,8",305,"3,8",RAPIDO,,19,42,19.7,3,0,1,16.737,36.11666667,MODERATE,0,24.7,5.1,3,65,26.8,3.3,3,52,RESIDENTIAL,TRANSIT_HUB,3,8,3,8,3,8,9.38,17.45,18.22
18-03-2026 19:43,Prakhar,"28.612767, 77.243334","28.629468, 77.078967",272,"2,8",339,"2,8",392,"2,8",RAPIDO,Yes,19,43,19.72,3,0,1,21.732,43.2,NORMAL,1,26.8,3.3,3,52,24.9,5.1,3,65,RELIGIOUS,TRANSIT_HUB,2,8,2,8,2,8,12.52,15.6,18.04
18-03-2026 19:45,Prakhar,"28.736388, 77.117084","28.816333, 77.134276",132,"2,8",248,"2,8",278,"2,8",RAPIDO,,19,45,19.75,3,0,1,15.486,24.68333333,NORMAL,0,24.2,8.4,3,66,23.6,6.5,3,64,RESIDENTIAL,EDUCATION,2,8,2,8,2,8,8.52,16.01,17.95
18-03-2026 19:46,Prakhar,"28.527654, 77.211685","28.529352, 77.148457",102,"3,8",191,"3,8",262,"3,8",RAPIDO,Yes,19,46,19.77,3,0,1,9.454,22.33333333,MODERATE,1,25.3,2.7,3,61,24.3,5.9,80,67,RESIDENTIAL,RESIDENTIAL,3,8,3,8,3,8,10.79,20.2,27.71
18-03-2026 19:53,Prakhar,"28.528143, 77.219013","28.567811, 77.207901",72.1,"5,8",227.28,"3,8",247.78,"2,8",UBER,Yes,19,53,19.88,3,0,1,7.291,21.63333333,HEAVY,1,25.2,2.7,3,61,26.3,4.5,3,54,RESIDENTIAL,TRANSIT_HUB,5,8,3,8,2,8,9.89,31.17,33.98
18-03-2026 20:15,Prakhar,"28.667836, 77.229014","28.608447, 77.293078",101.22,"3,8",256,"4,8",238.45,"1,8",UBER,,20,15,20.25,3,0,1,11.499,20.13333333,NORMAL,0,24.9,7.9,3,55,24.9,7.9,3,55,TRANSIT_HUB,RESIDENTIAL,3,8,4,8,1,8,8.8,22.26,20.74
18-03-2026 20:16,Prakhar,"28.699000, 77.138722","28.651651, 77.191570",83.23,"5,8",269.61,"5,7",301.72,"3,8",UBER,Yes,20,16,20.27,3,0,1,9.722,24.83333333,MODERATE,1,23.7,8,3,67,25.5,7.1,3,58,RESIDENTIAL,RESIDENTIAL,5,8,5,7,3,8,8.56,27.73,31.03
18-03-2026 20:18,Prakhar,"28.630420, 77.217713","28.554785, 77.063985",194.29,"3,8",391.65,"2,8",382.56,"1,8",UBER,,20,18,20.3,3,0,1,24.509,43.48333333,NORMAL,0,25.6,7.1,3,58,23.7,6.6,80,70,RESIDENTIAL,RESIDENTIAL,3,8,2,8,1,8,7.93,15.98,15.61
18-03-2026 20:20,Prakhar,"28.529352, 77.148457","28.630770, 77.223434",139.77,"4,8",356.69,"3,8",288.72,"2,8",UBER,,20,19,20.32,3,0,1,16.737,36.11666667,MODERATE,0,23.3,6.6,80,70,25.6,7.1,3,58,RESIDENTIAL,TRANSIT_HUB,4,8,3,8,2,8,8.35,21.31,17.25
18-03-2026 20:22,Prakhar,"28.612767, 77.243334","28.629468, 77.078967",310.46,"6,8",652.29,"6,3",369.25,"8,8",UBER,Yes,20,22,20.37,3,0,1,21.732,43.2,NORMAL,1,25.6,7.1,3,58,23.5,6.6,80,70,RELIGIOUS,TRANSIT_HUB,6,8,6,3,8,8,14.29,30.02,16.99
18-03-2026 20:24,Prakhar,"28.736388, 77.117084","28.816333, 77.134276",122.97,"6,8",270.93,"4,8",241.59,"2,7",UBER,Yes,20,24,20.4,3,0,1,15.486,24.68333333,NORMAL,1,23.7,8,3,67,22.9,7.6,3,68,RESIDENTIAL,EDUCATION,6,8,4,8,2,7,7.94,17.5,15.6
18-03-2026 20:25,Prakhar,"28.527654, 77.211685","28.529352, 77.148457",80.33,"5,8",266.61,"4,8",338.96,"4,8",UBER,Yes,20,25,20.42,3,0,1,9.454,22.33333333,MODERATE,1,24.4,6.1,3,65,23.3,6.6,80,70,RESIDENTIAL,RESIDENTIAL,5,8,4,8,4,8,8.5,28.2,35.85
18-03-2026 20:29,Prakhar,"28.463573, 77.505177","28.458120, 77.508574",45,"4,8",78,"4,6",138,"4,8",RAPIDO,Yes,20,29,20.48,3,0,1,2.454,8.033333333,HEAVY,1,25.7,5.9,3,56,25.8,5.9,3,56,RESIDENTIAL,RESIDENTIAL,4,8,4,6,4,8,18.34,31.78,56.23
18-03-2026 20:31,Prakhar,"28.480820, 77.499515","28.472363, 77.488101",40,"3,8",59,"3,8",140,"3,8",RAPIDO,Yes,20,31,20.52,3,0,1,2.119,6.4,HEAVY,1,25.4,6,3,58,25.4,6,3,58,ENTERTAINMENT,EDUCATION,3,8,3,8,3,8,18.88,27.84,66.07
19-03-2026 13:31,Pranav,"28.551,77.0582","28.556162,77.100281",149,"2,8",,,196,"2,8",RAPIDO,,13,31,13.52,4,0,0,11.818,20.61666667,NORMAL,0,24.4,3.3,3,67,24.4,3.3,3,67,TRANSIT_HUB,TRANSIT_HUB,2,8,0,0,2,8,12.61,0,16.58
19-03-2026 13:33,Pranav,"28.643594,77.219402","28.651997,77.190637",48,"4,8",88,"4,8",168,"4,8",RAPIDO,,13,33,13.55,4,0,0,3.832,15.78333333,HEAVY,0,25.9,6.7,3,58,25.8,6.7,3,58,TRANSIT_HUB,RESIDENTIAL,4,8,4,8,4,8,12.53,22.96,43.84
19-03-2026 13:35,Pranav,"28.5245,77.1543","28.528223,77.219629",106,"2,8",147,"2,8",171,"2,8",RAPIDO,Yes,13,35,13.58,4,0,0,10.375,27.86666667,MODERATE,1,24.8,6,3,67,24.4,7.5,80,67,RESIDENTIAL,RESIDENTIAL,2,8,2,8,2,8,10.22,14.17,16.48
19-03-2026 13:37,Pranav,"28.631451,77.216667","28.6219,77.0871",152,"4,8",218,"4,8",251,"4,8",RAPIDO,,13,37,13.62,4,0,0,16.215,34.25,MODERATE,0,24.8,1.1,3,60,24.4,3.3,3,67,RESIDENTIAL,RESIDENTIAL,4,8,4,8,4,8,9.37,13.44,15.48
19-03-2026 13:39,Pranav,"28.734,77.116","28.5672,77.1871",221,"2,8",314,"2,8",334,"2,8",RAPIDO,,13,39,13.65,4,0,0,26.283,46.55,NORMAL,0,25.5,4.2,3,66,25,6,3,67,RESIDENTIAL,RESIDENTIAL,2,8,2,8,2,8,8.41,11.95,12.71
19-03-2026 13:42,Pranav,"28.5494,77.2516","28.6046,77.2964",134,"3,8",179,"3,8",201,"3,8",RAPIDO,Yes,13,42,13.7,4,0,0,11.726,25.95,MODERATE,1,24.4,7.5,80,67,26,6.7,3,58,COMMERCIAL,RESIDENTIAL,3,8,3,8,3,8,11.43,15.27,17.14
19-03-2026 13:44,Pranav,"28.6986,77.1312","28.689247,77.210693",87,"3,8",138,"3,8",170,"3,8",RAPIDO,,13,44,13.73,4,0,0,10.809,26.5,MODERATE,0,25.4,4.2,3,66,25.4,6.5,3,63,RESIDENTIAL,RESIDENTIAL,3,8,3,8,3,8,8.05,12.77,15.73
19-03-2026 13:46,Pranav,"28.567241,77.21","28.5245,77.1543",99,"3,8",163,"3,8",163,"3,8",RAPIDO,Yes,13,46,13.77,4,0,0,10.424,27.65,MODERATE,1,24.9,0,3,59,24.3,2.2,3,66,RESIDENTIAL,RESIDENTIAL,3,8,3,8,3,8,9.5,15.64,15.64
19-03-2026 14:07,Pranav,"28.551,77.0582","28.556162,77.100281",149,"2,8",,,188,"2,8",RAPIDO,,14,7,14.12,4,0,0,11.818,20.61666667,NORMAL,0,24.9,5.4,3,67,24.8,7.3,80,69,TRANSIT_HUB,TRANSIT_HUB,2,8,0,0,2,8,12.61,0,15.91
19-03-2026 14:09,Pranav,"28.643594,77.219402","28.651997,77.190637",47,"7,8",88,"7,8",165,"7,8",RAPIDO,,14,9,14.15,4,0,0,3.832,15.78333333,HEAVY,0,25.1,1.5,3,58,25,1.5,3,58,TRANSIT_HUB,RESIDENTIAL,7,8,7,8,7,8,12.27,22.96,43.06
19-03-2026 14:11,Pranav,"28.5245,77.1543","28.528223,77.219629",119,"2,8",166,"2,8",193,"2,8",RAPIDO,Yes,14,11,14.18,4,0,0,10.375,27.86666667,MODERATE,1,24.5,0.4,3,65,24.8,0.4,3,60,RESIDENTIAL,RESIDENTIAL,2,8,2,8,2,8,11.47,16,18.6
19-03-2026 14:13,Pranav,"28.631451,77.216667","28.6219,77.0871",154,"4,8",218,"4,8",252,"4,8",RAPIDO,,14,13,14.22,4,0,0,16.215,34.25,MODERATE,0,25.1,1.5,3,58,24.8,0.4,3,65,RESIDENTIAL,RESIDENTIAL,4,8,4,8,4,8,9.5,13.44,15.54
19-03-2026 14:14,Pranav,"28.734,77.116","28.5672,77.1871",222,"2,8",357,"2,8",334,"2,8",RAPIDO,,14,14,14.23,4,0,0,26.283,46.55,NORMAL,0,24.3,1,3,66,24.7,0.4,3,65,RESIDENTIAL,RESIDENTIAL,2,8,2,8,2,8,8.45,13.58,12.71
19-03-2026 14:16,Pranav,"28.5494,77.2516","28.6046,77.2964",138,"3,8",179,"3,8",200,"3,8",RAPIDO,Yes,14,16,14.27,4,0,0,11.726,25.95,MODERATE,1,24.5,8.4,3,67,25.3,7,80,63,COMMERCIAL,RESIDENTIAL,3,8,3,8,3,8,11.77,15.27,17.06
19-03-2026 14:18,Pranav,"28.6986,77.1312","28.689247,77.210693",87,"3,8",138,"3,8",170,"3,8",RAPIDO,,14,18,14.3,4,0,0,10.809,26.5,MODERATE,0,24.1,2,3,66,24.6,1.9,3,61,RESIDENTIAL,RESIDENTIAL,3,8,3,8,3,8,8.05,12.77,15.73
19-03-2026 14:20,Pranav,"28.567241,77.21","28.5245,77.1543",104,"3,8",160,"3,8",163,"3,8",RAPIDO,Yes,14,20,14.33,4,0,0,10.424,27.65,MODERATE,1,25.2,7,80,63,24.3,8.2,80,69,RESIDENTIAL,RESIDENTIAL,3,8,3,8,3,8,9.98,15.35,15.64
19-03-2026 18:58,Prakhar,"28.528143, 77.219013","28.567811, 77.207901",71,"5,8",162,"5,8",240,"5,8",RAPIDO,,18,58,18.97,4,0,1,7.291,21.63333333,HEAVY,0,21.4,4.1,3,82,21.4,3.9,3,82,RESIDENTIAL,TRANSIT_HUB,5,8,5,8,5,8,9.74,22.22,32.92
19-03-2026 18:59,Prakhar,"28.667836, 77.229014","28.608447, 77.293078",111,"5,8",177,"5,8",224,"5,8",RAPIDO,,18,59,18.98,4,0,1,11.499,20.13333333,NORMAL,0,21.5,3.9,3,82,21.5,3.9,3,82,TRANSIT_HUB,RESIDENTIAL,5,8,5,8,5,8,9.65,15.39,19.48
19-03-2026 19:00,Prakhar,"28.699000, 77.138722","28.651651, 77.191570",95,"3,8",148,"3,8",193,"3,8",RAPIDO,,19,0,19,4,0,1,9.722,24.83333333,MODERATE,0,21.1,4.6,3,85,21.2,4.2,3,83,RESIDENTIAL,RESIDENTIAL,3,8,3,8,3,8,9.77,15.22,19.85
19-03-2026 19:02,Prakhar,"28.630420, 77.217713","28.554785, 77.063985",216,"4,8",317,"4,8",427,"4,8",RAPIDO,,19,2,19.03,4,0,1,24.509,43.5,NORMAL,0,21.3,4.2,3,83,21.4,4.6,3,84,RESIDENTIAL,RESIDENTIAL,4,8,4,8,4,8,8.81,12.93,17.42
19-03-2026 19:03,Prakhar,"28.529352, 77.148457","28.630770, 77.223434",155,"2,8",253,"2,8",267,"2,8",RAPIDO,,19,3,19.05,4,0,1,16.737,36.11666667,MODERATE,0,21.1,4.6,3,84,21.3,4.2,3,83,RESIDENTIAL,TRANSIT_HUB,2,8,2,8,2,8,9.26,15.12,15.95
19-03-2026 19:04,Prakhar,"28.612767, 77.243334","28.629468, 77.078967",192,"2,8",382,"2,8",527,"2,8",RAPIDO,,19,4,19.07,4,0,1,21.733,43.2,NORMAL,0,21.3,4.2,3,83,21.3,4.6,3,84,RELIGIOUS,TRANSIT_HUB,2,8,2,8,2,8,8.83,17.58,24.25
19-03-2026 19:06,Prakhar,"28.736388, 77.117084","28.816333, 77.134276",145,"3,8",269,"3,8",260,"3,8",RAPIDO,Yes,19,6,19.1,4,0,1,15.486,24.68333333,NORMAL,1,21.1,4.6,3,85,20.6,3.9,3,86,RESIDENTIAL,EDUCATION,3,8,3,8,3,8,9.36,17.37,16.79
19-03-2026 19:08,Prakhar,"28.527654, 77.211685","28.529352, 77.148457",83,"5,8",167,"5,8",182,"5,8",RAPIDO,,19,8,19.13,4,0,1,9.454,22.33333333,MODERATE,0,21.3,4.4,3,83,21.1,4.6,3,84,RESIDENTIAL,RESIDENTIAL,5,8,5,8,5,8,8.78,17.66,19.25
19-03-2026 19:09,Prakhar,"28.528143, 77.219013","28.567811, 77.207901",73.36,"1,8",104.18,"1,8",149.13,"1,8",UBER,,19,9,19.15,4,0,1,7.291,21.63333333,HEAVY,0,21.2,4.4,3,83,21.3,4.2,3,83,RESIDENTIAL,TRANSIT_HUB,1,8,1,8,1,8,10.06,14.29,20.45
19-03-2026 19:10,Prakhar,"28.667836, 77.229014","28.608447, 77.293078",101.83,"2,7",156.86,"2,8",187.37,"1,8",UBER,,19,10,19.17,4,0,1,11.499,20.13333333,NORMAL,0,21.3,4.2,3,83,21.3,4.2,3,83,TRANSIT_HUB,RESIDENTIAL,2,7,2,8,1,8,8.86,13.64,16.29
19-03-2026 19:12,Prakhar,"28.699000, 77.138722","28.651651, 77.191570",89.16,"4,8",143.24,"4,7",169.84,"2,8",UBER,,19,12,19.2,4,0,1,9.722,24.83333333,MODERATE,0,21.1,4.6,3,85,21.2,4.2,3,83,RESIDENTIAL,RESIDENTIAL,4,8,4,7,2,8,9.17,14.73,17.47
19-03-2026 19:14,Prakhar,"28.630420, 77.217713","28.554785, 77.063985",195.74,"2,8",262.05,"2,8",296.59,"1,8",UBER,,19,14,19.23,4,0,1,24.509,43.5,NORMAL,0,21.3,4.2,3,83,21.4,4.6,3,84,RESIDENTIAL,RESIDENTIAL,2,8,2,8,1,8,7.99,10.69,12.1
19-03-2026 19:17,Prakhar,"28.529352, 77.148457","28.630770, 77.223434",126.76,"4,8",196.59,"1,8",225.34,"1,8",UBER,,19,17,19.28,4,0,1,16.737,36.11666667,MODERATE,0,20.9,5.1,3,85,21.2,4.7,3,83,RESIDENTIAL,TRANSIT_HUB,4,8,1,8,1,8,7.57,11.75,13.46
19-03-2026 19:19,Prakhar,"28.612767, 77.243334","28.629468, 77.078967",179.95,"7,6",227.55,"5,8",292.63,"9,7",UBER,,19,19,19.32,4,0,1,21.733,43.2,NORMAL,0,21.2,4.7,3,83,21.1,5.1,3,85,RELIGIOUS,TRANSIT_HUB,7,6,5,8,9,7,8.28,10.47,13.46
19-03-2026 19:20,Prakhar,"28.736388, 77.117084","28.816333, 77.134276",117.54,"3,8",190.98,"2,8",195.25,"2,8",UBER,,19,20,19.33,4,0,1,15.486,24.68333333,NORMAL,0,20.9,4.8,3,86,20.4,3.9,3,87,RESIDENTIAL,EDUCATION,3,8,2,8,2,8,7.59,12.33,12.61
19-03-2026 19:22,Prakhar,"28.527654, 77.211685","28.529352, 77.148457",82.05,"3,8",126.1,"2,8",161.53,"2,8",UBER,,19,22,19.37,4,0,1,9.454,22.33333333,MODERATE,0,21.1,4.7,3,83,20.9,5.1,3,85,RESIDENTIAL,RESIDENTIAL,3,8,2,8,2,8,8.68,13.34,17.09
20-03-2026 18:15,Prakhar,"28.528143, 77.219013","28.567811, 77.207901",74,"5,8",160,"5,8",171,"5,8",RAPIDO,,18,15,18.25,5,0,1,7.291,21.63333333,HEAVY,0,19.7,6.1,3,74,19.7,5.5,3,74,RESIDENTIAL,TRANSIT_HUB,5,8,5,8,5,8,10.15,21.94,23.45
20-03-2026 18:16,Prakhar,"28.667836, 77.229014","28.608447, 77.293078",111,"5,8",174,"5,8",214,"5,8",RAPIDO,,18,16,18.27,5,0,1,11.499,20.13333333,NORMAL,0,19.8,5.5,3,74,19.8,5.5,3,74,TRANSIT_HUB,RESIDENTIAL,5,8,5,8,5,8,9.65,15.13,18.61
20-03-2026 18:20,Prakhar,"28.699000, 77.138722","28.651651, 77.191570",98,"3,8",162,"3,8",184,"3,8",RAPIDO,,18,20,18.33,5,0,1,9.722,24.83333333,MODERATE,0,19.2,5.4,3,82,19.6,5.5,3,74,RESIDENTIAL,RESIDENTIAL,3,8,3,8,3,8,10.08,16.66,18.93
20-03-2026 18:28,Prakhar,"28.630420, 77.217713","28.554785, 77.063985",221,"4,8",355,"4,8",369,"4,8",RAPIDO,,18,28,18.47,5,0,1,24.509,43.5,NORMAL,0,19.7,5.5,3,74,19.7,5.8,3,79,RESIDENTIAL,RESIDENTIAL,4,8,4,8,4,8,9.02,14.48,15.06
20-03-2026 18:29,Prakhar,"28.529352, 77.148457","28.630770, 77.223434",160,"3,8",217,"3,8",286,"3,8",RAPIDO,,18,29,18.48,5,0,1,16.737,36.11666667,MODERATE,0,17.7,6.6,3,86,18.2,6.8,3,83,RESIDENTIAL,TRANSIT_HUB,3,8,3,8,3,8,9.56,12.97,17.09
20-03-2026 18:30,Prakhar,"28.612767, 77.243334","28.629468, 77.078967",199,"3,8",447,"3,8",527,"3,8",RAPIDO,,18,30,18.5,5,0,1,21.733,43.2,NORMAL,0,18.1,6.5,3,83,17.7,6.2,3,87,RELIGIOUS,TRANSIT_HUB,3,8,3,8,3,8,9.16,20.57,24.25
20-03-2026 18:31,Prakhar,"28.736388, 77.117084","28.816333, 77.134276",120,"2,8",204,"2,8",234,"2,8",RAPIDO,,18,31,18.52,5,0,1,15.486,24.68333333,NORMAL,0,19,5.8,3,83,18,4,3,90,RESIDENTIAL,EDUCATION,2,8,2,8,2,8,7.75,13.17,15.11
20-03-2026 18:32,Prakhar,"28.527654, 77.211685","28.529352, 77.148457",123,"5,8",193,"5,8",209,"5,8",RAPIDO,Yes,18,32,18.53,5,0,1,9.454,22.33333333,MODERATE,1,19.5,6.1,3,75,19.2,5.8,3,80,RESIDENTIAL,RESIDENTIAL,5,8,5,8,5,8,13.01,20.41,22.11
20-03-2026 18:34,Prakhar,"28.528143, 77.219013","28.567811, 77.207901",108.95,"4,7",107.61,"1,8",164.42,"2,8",UBER,,18,34,18.57,5,0,1,7.291,21.63333333,HEAVY,0,19.5,6.1,3,75,19.6,5.5,3,75,RESIDENTIAL,TRANSIT_HUB,4,7,1,8,2,8,14.94,14.76,22.55
20-03-2026 18:35,Prakhar,"28.667836, 77.229014","28.608447, 77.293078",114.3,"4,8",162.17,"3,8",193.97,"1,8",UBER,,18,35,18.58,5,0,1,11.499,20.13333333,NORMAL,0,19.6,5.5,3,75,19.6,5.5,3,75,TRANSIT_HUB,RESIDENTIAL,4,8,3,8,1,8,9.94,14.1,16.87
20-03-2026 18:36,Prakhar,"28.699000, 77.138722","28.651651, 77.191570",101.26,"3,8",147.83,"2,7",171.77,"2,8",UBER,,18,36,18.6,5,0,1,9.722,24.83333333,MODERATE,0,19,5.8,3,83,19.5,5.5,3,75,RESIDENTIAL,RESIDENTIAL,3,8,2,7,2,8,10.42,15.21,17.67
20-03-2026 18:38,Prakhar,"28.630420, 77.217713","28.554785, 77.063985",221.54,"3,8",269.4,"2,8",309.15,"1,8",UBER,,18,38,18.63,5,0,1,24.509,43.5,NORMAL,0,19.6,5.5,3,75,19.5,5.8,3,80,RESIDENTIAL,RESIDENTIAL,3,8,2,8,1,8,9.04,10.99,12.61
20-03-2026 18:39,Prakhar,"28.529352, 77.148457","28.630770, 77.223434",147.6,"3,8",201.68,"1,8",247.03,"1,8",UBER,,18,39,18.65,5,0,1,16.737,36.11666667,MODERATE,0,17.5,6.2,3,87,18.1,6.5,3,83,RESIDENTIAL,TRANSIT_HUB,3,8,1,8,1,8,8.82,12.05,14.76
20-03-2026 18:47,Prakhar,"28.612767, 77.243334","28.629468, 77.078967",261.6,"7,8",234.08,"6,8",306.97,"11,8",UBER,Yes,18,47,18.78,5,0,1,21.733,43.2,NORMAL,1,19.5,5.2,3,76,19.2,5.8,3,82,RELIGIOUS,TRANSIT_HUB,7,8,6,8,11,8,12.04,10.77,14.12
20-03-2026 18:48,Prakhar,"28.736388, 77.117084","28.816333, 77.134276",126.77,"2,8",174.54,"2,8",202.15,"2,8",UBER,,18,48,18.8,5,0,1,15.486,24.68333333,NORMAL,0,18.8,5.8,3,85,17.8,4,3,91,RESIDENTIAL,EDUCATION,2,8,2,8,2,8,8.19,11.27,13.05
20-03-2026 18:50,Prakhar,"28.527654, 77.211685","28.529352, 77.148457",93.83,"3,8",130.04,"2,8",171.27,"2,8",UBER,,18,50,18.83,5,0,1,9.454,22.33333333,MODERATE,0,19.4,6.1,3,76,19,5.8,3,82,RESIDENTIAL,RESIDENTIAL,3,8,2,8,2,8,9.92,13.76,18.12
20-03-2026 18:56,Prakhar,"28.528143, 77.219013","28.567811, 77.207901",74,"5,8",173,"5,8",198,"5,8",RAPIDO,,18,56,18.93,5,0,1,7.291,21.63333333,HEAVY,0,17.7,6.1,3,84,17.9,6.1,3,84,RESIDENTIAL,TRANSIT_HUB,5,8,5,8,5,8,10.15,23.73,27.16
20-03-2026 18:57,Prakhar,"28.667836, 77.229014","28.608447, 77.293078",112,"5,8",216,"5,8",263,"5,8",RAPIDO,,18,57,18.95,5,0,1,11.499,20.13333333,NORMAL,0,17.9,6.1,3,84,17.9,6.1,3,84,TRANSIT_HUB,RESIDENTIAL,5,8,5,8,5,8,9.74,18.78,22.87
20-03-2026 18:58,Prakhar,"28.699000, 77.138722","28.651651, 77.191570",98,"3,8",168,"3,8",195,"3,8",RAPIDO,,18,58,18.97,5,0,1,9.722,24.83333333,MODERATE,0,18.8,5.8,3,85,19.3,5.2,3,76,RESIDENTIAL,RESIDENTIAL,3,8,3,8,3,8,10.08,17.28,20.06
20-03-2026 18:59,Prakhar,"28.630420, 77.217713","28.554785, 77.063985",221,"4,8",327,"4,8",343,"4,8",RAPIDO,,18,59,18.98,5,0,1,24.509,43.5,NORMAL,0,19.4,5.2,3,76,19.3,5.8,3,82,RESIDENTIAL,RESIDENTIAL,4,8,4,8,4,8,9.02,13.34,13.99
20-03-2026 19:01,Prakhar,"28.529352, 77.148457","28.630770, 77.223434",159,"3,8",248,"3,8",277,"3,8",RAPIDO,,19,0,19,5,0,1,16.737,36.11666667,MODERATE,0,17.2,5.4,3,90,17.8,5.8,3,84,RESIDENTIAL,TRANSIT_HUB,3,8,3,8,3,8,9.5,14.82,16.55
20-03-2026 19:02,Prakhar,"28.612767, 77.243334","28.629468, 77.078967",199,"3,8",299,"3,8",363,"3,8",RAPIDO,,19,2,19.03,5,0,1,21.733,43.2,NORMAL,0,17.8,5.8,3,84,17.4,5.4,3,90,RELIGIOUS,TRANSIT_HUB,3,8,3,8,3,8,9.16,13.76,16.7
20-03-2026 19:03,Prakhar,"28.736388, 77.117084","28.816333, 77.134276",120,"2,8",179,"2,8",236,"2,8",RAPIDO,,19,3,19.05,5,0,1,15.486,24.68333333,NORMAL,0,18.6,5.4,3,87,17.5,4,3,92,RESIDENTIAL,EDUCATION,2,8,2,8,2,8,7.75,11.56,15.24
20-03-2026 19:04,Prakhar,"28.527654, 77.211685","28.529352, 77.148457",87,"5,8",152,"5,8",209,"5,8",RAPIDO,,19,4,19.07,5,0,1,9.454,22.33333333,MODERATE,0,19.2,5.8,3,78,18.7,5.4,3,84,RESIDENTIAL,RESIDENTIAL,5,8,5,8,5,8,9.2,16.08,22.11
20-03-2026 20:37,Prakhar,"28.528143, 77.219013","28.567811, 77.207901",71,"5,8",126,"5,8",165,"5,8",RAPIDO,,20,37,20.62,5,0,1,7.291,21.63333333,HEAVY,0,18,4.7,1,87,18.3,4.4,1,86,RESIDENTIAL,TRANSIT_HUB,5,8,5,8,5,8,9.74,17.28,22.63
20-03-2026 20:40,Prakhar,"28.667836, 77.229014","28.608447, 77.293078",111,"5,8",207,"5,8",214,"5,8",RAPIDO,,20,40,20.67,5,0,1,11.499,20.13333333,NORMAL,0,17.1,4.2,3,90,17.1,4.2,3,90,TRANSIT_HUB,RESIDENTIAL,5,8,5,8,5,8,9.65,18,18.61
20-03-2026 20:41,Prakhar,"28.699000, 77.138722","28.651651, 77.191570",88,"3,8",168,"3,8",193,"3,8",RAPIDO,,20,41,20.68,5,0,1,9.722,24.83333333,MODERATE,0,16.3,4.1,3,95,16.9,4.2,3,90,RESIDENTIAL,RESIDENTIAL,3,8,3,8,3,8,9.05,17.28,19.85
20-03-2026 20:42,Prakhar,"28.630420, 77.217713","28.554785, 77.063985",216,"4,8",297,"4,8",336,"4,8",RAPIDO,,20,42,20.7,5,0,1,24.509,43.5,NORMAL,0,17,4.2,3,90,16.7,4.1,3,94,RESIDENTIAL,RESIDENTIAL,4,8,4,8,4,8,8.81,12.12,13.71
20-03-2026 20:43,Prakhar,"28.529352, 77.148457","28.630770, 77.223434",155,"3,8",200,"3,8",248,"3,7",RAPIDO,,20,43,20.72,5,0,1,16.737,36.11666667,MODERATE,0,17.5,4.7,1,92,18.3,4.4,1,86,RESIDENTIAL,TRANSIT_HUB,3,8,3,8,3,7,9.26,11.95,14.82
20-03-2026 20:44,Prakhar,"28.612767, 77.243334","28.629468, 77.078967",195,"3,8",243,"3,8",346,"3,8",RAPIDO,,20,44,20.73,5,0,1,21.733,43.2,NORMAL,0,17.1,4.2,3,90,16.5,4.1,3,94,RELIGIOUS,TRANSIT_HUB,3,8,3,8,3,8,8.97,11.18,15.92
20-03-2026 20:45,Prakhar,"28.736388, 77.117084","28.816333, 77.134276",119,"2,8",204,"2,8",238,"2,8",RAPIDO,,20,45,20.75,5,0,1,15.486,24.68333333,NORMAL,0,17.4,4,1,93,16.2,4,45,96,RESIDENTIAL,EDUCATION,2,8,2,8,2,8,7.68,13.17,15.37
20-03-2026 20:47,Prakhar,"28.527654, 77.211685","28.529352, 77.148457",87,"3,8",146,"3,8",190,"3,8",RAPIDO,,20,47,20.78,5,0,1,9.454,22.33333333,MODERATE,0,17.9,4.3,0,88,17.3,4.3,0,93,RESIDENTIAL,RESIDENTIAL,3,8,3,8,3,8,9.2,15.44,20.1
